id,domain,status,purchase_price,renewal_price,attractiveness,demand,length,registrar,created_at,expires_at,status_verified_at
ec504dc5-5e5f-489e-b043-fd33156e861a,health.health,resell,,,high,medium,6,DotHealth LLC,30/07/2024 16:09,30/07/2027 16:09,08/10/2026 18:28
477e0b99-d4e5-4f72-a927-b75564acb4b6,health.surgery,premium,242,242,high,medium,6,namesilo,,,08/10/2026 18:28
cdb0a7a5-62af-4622-a6d8-9671dec46e5a,health.rehab,premium,260,260,high,medium,6,namecheap,,,08/10/2026 18:28
64a14c57-feec-4b3f-af2a-b9ac289bcd9e,health.icu,resell,,,high,medium,6,"Spaceship, Inc.",31/05/2018 01:23,31/05/2027 23:59,08/10/2026 18:28
ad8d3f33-fdec-439f-99de-1e53663ccc0f,health.repair,resell,,,high,medium,6,"Spaceship, Inc.",27/08/2021 10:07,27/08/2027 10:07,08/10/2026 18:28
e0f5934a-6898-47ba-b4d3-198a05c34cfb,health.car,available,2140.22,2140.22,high,medium,6,dynadot,,,08/10/2026 18:28
87159107-a2a2-4ec8-8f1e-2dd806782dec,health.auto,available,1999.99,2199,high,medium,6,namesilo,,,08/10/2026 18:28
32832340-8c93-46d7-a456-235bc20ba70a,health.living,premium,362.45,517.7,high,medium,6,spaceship,,,08/10/2026 18:28
2d2166cc-c19d-4b04-9873-ba16d2e4222e,health.sale,premium,1107,1107,high,medium,6,namesilo,,,08/10/2026 18:28
17eb07e4-21a4-4523-97f5-82f88b889ec7,health.bot,premium,5000.5,6900,high,medium,6,unstoppable,,,08/10/2026 18:28
cc35f081-b741-4bb3-8b06-6a83925903ab,health.hospital,resell,,,high,medium,6,"Spaceship, Inc.",20/06/2025 15:15,20/06/2027 15:15,08/10/2026 18:28
dd123b09-215c-4db4-9dd2-57cebac45896,health.condos,premium,102.67,102.67,high,medium,6,spaceship,,,08/10/2026 18:28
992ebe50-1546-4b65-9c8d-648c2e280470,health.construction,resell,,,high,medium,6,"Sav.com, LLC - 7",15/12/2025 15:15,15/12/2026 15:15,08/10/2026 18:28
1823554f-99fa-47a7-9094-40032c7cba90,health.republican,available,5.38,26,high,medium,6,spaceship,,,08/10/2026 18:28
00ad67ee-427c-4dde-b8ad-f8f0edbba21c,health.blackfriday,available,103.7,103.7,high,medium,6,spaceship,,,08/10/2026 18:28
b1e13ff1-53fb-41bc-aa6d-84fc14845b19,health.photo,premium,116,116,high,medium,6,namesilo,,,08/10/2026 18:28
226a5e73-ab97-4232-b076-c40860f90c1e,health.onl,resell,,,high,medium,6,Dynadot Inc,17/07/2023 12:29,17/07/2027 12:29,08/10/2026 18:28
1de1ba54-5834-440e-91f6-4c4eeb1ba785,health.wine,premium,68.51,68.51,high,medium,6,spaceship,,,08/10/2026 18:28
7c3585ce-ca5c-4dcb-9b8a-f80f3abc5cc1,health.careers,resell,,,high,medium,6,"GoDaddy.com, LLC",02/03/2014 22:22,02/03/2027 22:22,08/10/2026 18:28
d13c43ad-96cf-4dbc-bbbc-5b058b384e2d,health.ac,resell,,,high,medium,6,"GoDaddy.com, LLC",25/06/2019 02:43,25/06/2027 02:43,08/10/2026 18:28
c029e976-b12c-4edf-bbe0-ee2d7ba0ef3d,health.download,premium,13000,130,high,medium,6,namecheap,,,08/10/2026 18:28
eae383cb-def7-4efb-92be-92774977299a,health.guitars,available,93.35,103.4,high,medium,6,spaceship,,,08/10/2026 18:28
d064770b-3082-45a0-894b-0d9033d3dd62,health.security,available,1863.2,2000.18,high,medium,6,spaceship,,,08/10/2026 18:28
c73f012c-2b0a-4762-9d92-cb8fc3250e86,health.dentist,premium,3250,3250,high,medium,6,namecheap,,,08/10/2026 18:28
6f5b8c08-3c62-4b66-a9cd-4f7b9621827c,health.soccer,available,10.92,23.76,high,medium,6,dynadot,,,08/10/2026 18:28
839264f8-bfea-4a3b-be88-557f86cba7ca,health.cooking,premium,207.2,26.08,high,medium,6,spaceship,,,08/10/2026 18:28
1bea89a8-3945-48c6-9b79-4e987b5f640f,health.autos,premium,2200,2200,high,medium,6,dynadot,,,08/10/2026 18:28
12811cf7-ddef-488d-af02-9af6cb1370e8,health.holdings,resell,,,high,medium,6,Dynadot Inc,11/07/2023 15:15,11/07/2027 15:15,08/10/2026 18:28
330dd6a2-46a5-42a7-991f-6e1ab775ecc0,health.dance,premium,118.8,118.8,high,medium,6,namesilo,,,08/10/2026 18:28
89c6d6a0-b06a-4eb5-a96c-5138eb232d00,health.sucks,premium,2658.67,2658.67,high,medium,6,namesilo,,,08/10/2026 18:28
17268df3-d72a-4824-8047-45b3103389d2,health.town,resell,,,high,medium,6,Dynadot Inc,23/03/2022 13:15,23/03/2027 13:15,08/10/2026 18:28
66b3b679-8dc2-4d9d-93bd-d76c8d989a6d,health.mom,premium,2070.2,2070.2,high,medium,6,spaceship,,,08/10/2026 18:28
c1fd15f4-e2b2-405f-928c-ec07b721d634,health.protection,available,2070,2950,high,medium,6,namecheap,,,08/10/2026 18:28
3fdc7d90-42db-40d1-8dfb-39cc839c47a0,health.coupons,premium,854,854,high,medium,6,namesilo,,,08/10/2026 18:28
d8f4fbc3-2d2c-42ed-9bd9-8e44411020de,health.zip,premium,1034.17,1034.17,high,medium,6,spaceship,,,08/10/2026 18:28
e7733144-5453-46eb-a505-334d29f13048,health.supplies,resell,,,high,medium,6,Dynadot Inc,07/09/2024 15:15,07/09/2027 15:15,08/10/2026 18:28
9989fdef-0e2b-403f-a29b-506d5fa67c39,health.boats,premium,2660,2660,high,medium,6,namesilo,,,08/10/2026 18:28
add02dc2-85a5-47a2-9ee6-f39afe82c748,health.shoes,premium,218.8,437.19,high,medium,6,porkbun,,,08/10/2026 18:28
d89c3e0a-5d5c-4baa-a7de-37d0c549f37f,health.shop,premium,5175.2,5175.2,high,medium,6,spaceship,,,08/10/2026 18:28
98d13e89-2b5f-411f-9a13-bc4392e2567e,health.pw,premium,3450,3450,high,medium,6,namesilo,,,08/10/2026 18:28
1e0e551b-0c90-4b1f-a6e2-f835b19befee,health.degree,premium,207.2,207.2,high,medium,6,spaceship,,,08/10/2026 18:28
9b419d75-0f89-47ab-b2ce-ee6997f2aa25,health.viajes,available,94.98,124.48,high,medium,6,namecheap,,,08/10/2026 18:28
24fb7825-e6e5-4bac-ada0-1b2e88b3222e,health.red,resell,,,high,medium,6,Squarespace Domains II LLC,10/07/2019 10:10,10/07/2028 10:10,08/10/2026 18:28
c92de11d-fcba-41a9-bf35-a24215fb96ad,health.beauty,premium,2660,2660,high,medium,6,namesilo,,,08/10/2026 18:28
5df935bc-2a4a-4254-b88c-cfcaae9a3d80,health.yoga,resell,,,high,medium,6,"GoDaddy.com, LLC",26/08/2020 18:59,26/08/2027 18:59,08/10/2026 18:28
244231d1-6380-46be-bc97-f9e8366ad293,health.space,premium,1293.95,5175.2,high,medium,6,spaceship,,,08/10/2026 18:28
a7b7af93-4a35-4d87-85db-c6f976a8e58d,health.photos,available,23.2,23.2,high,medium,6,cloudflare,,,08/10/2026 18:28
749bf534-5af9-4ab8-9cc7-128a77f61ca4,health.site,premium,6900,6900,high,medium,6,namesilo,,,08/10/2026 18:28
749ae055-b8e2-4c69-9df3-24b73211674f,health.faith,premium,1100,110,high,medium,6,dynadot,,,08/10/2026 18:28
358cf3e4-df1a-49ff-b3ef-9078d2aea4d0,health.homes,premium,2660,2660,high,medium,6,namesilo,,,08/10/2026 18:28
f915adbe-616b-4c47-8f7c-dd6f80253d7d,health.restaurant,premium,102.67,102.67,high,medium,6,spaceship,,,08/10/2026 18:28
4af3b1ac-40a8-4926-b4af-ab20c6270ba3,health.world,resell,,,high,medium,6,Dynadot Inc,11/01/2015 16:00,11/01/2027 16:00,08/10/2026 18:28
ade639f5-d7e8-4284-9350-2be9a5fd1cee,health.bingo,resell,,,high,medium,6,"Sav.com, LLC - 18",07/12/2025 15:15,07/12/2026 15:15,08/10/2026 18:28
78159927-5e1f-4d6c-b69f-1c41437cb326,health.tickets,premium,1995,1995,high,medium,6,namesilo,,,08/10/2026 18:28
984f0561-174c-4dd4-abf5-4a74cfe76a09,health.skin,premium,2660,2660,high,medium,6,namesilo,,,08/10/2026 18:28
8dd33731-5860-4e8b-a82e-049896452b3a,health.flights,premium,68.51,68.51,high,medium,6,spaceship,,,08/10/2026 18:28
cdd19494-0e15-40ac-adb4-571c8e00912e,health.spot,premium,500.5,640,high,medium,6,unstoppable,,,08/10/2026 18:28
1d261b06-faad-4641-bef9-69e3c0b7668e,health.best,resell,,,high,medium,6,"Spaceship, Inc.",25/02/2020 15:46,25/02/2027 23:59,08/10/2026 18:28
31aa0caa-52e3-4814-9353-73ce1220f127,health.live,resell,,,high,medium,6,"GoDaddy.com, LLC",22/04/2016 04:04,22/04/2027 04:04,08/10/2026 18:28
15a2a78d-9fef-4515-8443-3b0f96f4e869,health.miami,premium,2183.84,20.18,high,medium,6,porkbun,,,08/10/2026 18:28
17b62eff-ead8-4dd2-ac8b-86293b477602,health.pics,premium,2660,2660,high,medium,6,namesilo,,,08/10/2026 18:28
1b2a6f8f-8af2-446a-84d2-a35e898d151f,health.hair,premium,2660,2660,high,medium,6,namesilo,,,08/10/2026 18:28
7bb4becf-a05e-4798-989c-e70def4f2fae,health.trade,resell,,,high,medium,6,Porkbun,29/07/2019 12:29,29/07/2030 12:29,08/10/2026 18:28
d81e5b1f-f4a6-48a7-a9ee-52653d52aa64,health.company,resell,,,high,medium,6,Dynadot Inc,28/08/2019 18:00,28/08/2027 18:00,08/10/2026 18:28
db8831f8-729d-4ee8-a834-3d09c80db52f,health.free,premium,517.7,517.7,high,medium,6,spaceship,,,08/10/2026 18:28
fcb1965f-5f4f-4d72-9f10-7ce3df1136ce,health.theater,resell,80.98,,high,medium,6,"Sav.com, LLC",27/12/2025 12:55,27/12/2026 12:55,08/10/2026 18:28
f39ae48f-6342-4533-8f29-58f7ba718935,health.video,premium,2500.5,3450,high,medium,6,unstoppable,,,08/10/2026 18:28
f5f78826-775c-403c-a8ad-55e56ad5eb7f,health.lighting,resell,,,high,medium,6,"Sav.com, LLC - 34",04/08/2026 15:16,04/08/2027 15:16,08/10/2026 18:28
9b435a4f-e024-4645-869e-b73ffd395ffc,health.cricket,available,21.09,21.09,high,medium,6,porkbun,,,08/10/2026 18:28
9ce16683-d11d-4f86-8631-bcce6f11f154,health.guru,resell,,,high,medium,6,"Sav.com, LLC",02/04/2026 20:42,02/04/2027 20:42,08/10/2026 18:28
ca03b13f-2d43-49bb-a8c5-f1bf13f69fb2,health.paris,premium,308.03,308.03,high,medium,6,dynadot,,,08/10/2026 18:28
acc096bf-60cd-4ca0-8d9d-0cde7a426f77,health.energy,resell,,,high,medium,6,"Sav.com, LLC - 33",05/10/2023 15:15,05/10/2027 15:15,08/10/2026 18:28
bd39dcb1-bc11-4a00-83bd-de273b1161e4,health.democrat,available,5.38,26.08,high,medium,6,spaceship,,,08/10/2026 18:28
6fa8d92b-3474-49b1-b89c-6199f7f45b8d,health.storage,available,465.95,500.2,high,medium,6,spaceship,,,08/10/2026 18:28
e3a5a9ae-ec1b-4d7d-8d62-7a0916d6bf04,health.bid,resell,,,high,medium,6,Dynadot Inc,26/07/2019 14:17,26/07/2027 14:17,08/10/2026 18:28
813a1817-0073-4861-8631-5bdeb7e9805e,health.design,resell,,,high,medium,6,"GoDaddy.com, LLC",04/08/2015 00:00,04/08/2027 23:59,08/10/2026 18:28
e6cbeb91-05f7-4e3c-9128-63e1c410b803,health.services,resell,,,high,medium,6,"Name.com, Inc.",18/07/2024 17:42,18/07/2027 17:42,08/10/2026 18:28
e16ebf82-f0d2-4561-9654-effe74345438,health.associates,premium,68.51,68.51,high,medium,6,spaceship,,,08/10/2026 18:28
0bd7be2c-d59f-4eca-ad34-2f6dc8f83e27,health.sarl,available,5.38,5.38,high,medium,6,spaceship,,,08/10/2026 18:28
b3054089-9ee4-4242-b0e3-3584cd7a2494,health.ski,premium,99.5,102.67,high,medium,6,unstoppable,,,08/10/2026 18:28
33f97ebe-7756-4d82-9591-8cba673c22dc,health.country,available,2064.2,2064.2,high,medium,6,spaceship,,,08/10/2026 18:28
9cdfe1f7-eaba-4460-a23b-eec5eb9d6147,health.camp,premium,854,854,high,medium,6,namesilo,,,08/10/2026 18:28
070901db-c655-4ab3-9e01-f542e62fa43a,health.gives,premium,242,242,high,medium,6,namesilo,,,08/10/2026 18:28
569cf377-5b6e-405b-836b-5915b9bccc38,health.green,premium,517.7,517.7,high,medium,6,spaceship,,,08/10/2026 18:28
43e46faa-b827-414e-9984-675b036e348f,health.deal,premium,546.35,546.35,high,medium,6,porkbun,,,08/10/2026 18:28
ac88006d-067b-427d-b979-54b715072780,health.vodka,available,26.08,26.08,high,medium,6,spaceship,,,08/10/2026 18:28
51b7741d-ccd7-47e9-be29-5560bac37dbf,health.hosting,premium,1430,1430,high,medium,6,dynadot,,,08/10/2026 18:28
cc481108-d0d7-45db-8aab-264980aedc7f,health.luxury,premium,2070.2,2070.2,high,medium,6,spaceship,,,08/10/2026 18:28
5b99b806-c9c6-4794-a602-fbf7fb8589c0,health.yachts,premium,2660,2660,high,medium,6,namesilo,,,08/10/2026 18:28
5fa07516-e5ca-43be-b5df-8b766c48fe83,health.prof,premium,1344.67,1344.67,high,medium,6,spaceship,,,08/10/2026 18:28
998548b1-33f6-4dcc-bf15-94ac1e4314e9,health.wtf,resell,,,high,medium,6,"Sav.com, LLC - 15",25/12/2025 15:15,25/12/2026 15:15,08/10/2026 18:28
63e8abce-1a97-4e6b-80e4-f75bc3e64f90,health.directory,resell,,,high,medium,6,"Global Domains International, Inc. DBA DomainCostClub.com",16/02/2014 16:00,16/02/2028 16:00,08/10/2026 18:28
eab75545-b422-4530-9d4e-9b8eebea60ea,health.fashion,resell,,,high,medium,6,"Spaceship, Inc.",16/04/2021 08:25,16/04/2027 08:25,08/10/2026 18:28
0e8f1d4d-a588-4e31-a411-b6259408a75c,health.ing,premium,1300.2,1419.68,high,medium,6,unstoppable,,,08/10/2026 18:28
81e137a9-0b71-49b6-8d46-02700d6c4db1,health.garden,resell,,,high,medium,6,Sav.com LLC,17/04/2015 15:48,17/04/2027 15:48,08/10/2026 18:28
2ef1c086-dc2d-4c2e-922f-28872364f184,health.rentals,premium,68.51,68.51,high,medium,6,spaceship,,,08/10/2026 18:28
e4a07ea4-e6a2-4e5b-a66c-6f930e10b112,health.immobilien,available,41.48,45.48,high,medium,6,namecheap,,,08/10/2026 18:28
41c5c75f-7f0b-4d82-b0cc-fc08785637e6,health.hamburg,available,69.98,73.98,high,medium,6,namecheap,,,08/10/2026 18:28
fc5cc797-7abc-422f-817a-b2d068280d0a,health.promo,premium,3450,3450,high,medium,6,namesilo,,,08/10/2026 18:28
407011e3-68fd-43bc-b513-a3b7f6e05bef,health.parts,premium,128.7,128.7,high,medium,6,namecheap,,,08/10/2026 18:28
850ddbd6-1b1d-4ac0-badc-4bbd2b3f7a33,health.quest,premium,2600,2600,high,medium,6,namecheap,,,08/10/2026 18:28
0d561d38-d7b7-4b95-a7aa-93ff4562d53c,health.rest,premium,1630.33,2328.95,high,medium,6,spaceship,,,08/10/2026 18:28
e9fffa4a-57d3-4043-a6e4-3c2bcc87015d,health.fish,resell,,,high,medium,6,Porkbun LLC,06/03/2026 04:25,06/03/2027 04:25,08/10/2026 18:28
948f55e4-e6d4-43c3-b278-a725d9221c0f,health.equipment,resell,,,high,medium,6,Dynadot Inc,23/07/2020 05:52,23/07/2027 05:52,08/10/2026 18:28
c27415c7-51fc-4913-b4fa-caa643db81dd,health.cruises,premium,260,260,high,medium,6,namecheap,,,08/10/2026 18:28
9f8a54bd-9ee1-4f14-b289-e5e44c56f39d,health.vin,premium,99.5,118.8,high,medium,6,unstoppable,,,08/10/2026 18:28
fa514066-d140-41b4-93c8-ba9c51327e6b,health.enterprises,resell,,,high,medium,6,Porkbun LLC,25/11/2018 19:03,25/11/2026 19:03,08/10/2026 18:28
c430f007-54a0-4c3f-bf07-abb5b2e5803c,health.tires,available,97.98,123.98,high,medium,6,namecheap,,,08/10/2026 18:28
cbe4df44-a5cf-4897-a7e2-2b49b79df793,health.toys,resell,,,high,medium,6,"Global Domains International, Inc. DBA DomainCostClub.com",01/05/2026 15:15,01/05/2027 15:15,08/10/2026 18:28
fa953ce6-de97-40ec-817a-2eb488c99583,health.realty,available,109.99,299,high,medium,6,namesilo,,,08/10/2026 18:28
d4c023f7-db69-43df-b0cb-0ba159022626,health.boutique,resell,,,high,medium,6,"Spaceship, Inc.",23/12/2024 15:15,23/12/2026 15:15,08/10/2026 18:28
b5fbdc8e-d025-4b22-9763-c99581fead8f,health.rich,available,79,160.72,high,medium,6,dynadot,,,08/10/2026 18:28
acd4a46a-6134-4bae-9e42-12c5fc6fa410,health.vacations,resell,,,high,medium,6,"GoDaddy.com, LLC",28/08/2025 03:42,28/08/2027 03:42,08/10/2026 18:28
68f06c9f-5d22-4568-84e3-cd893d9c7b0b,health.pet,premium,2750,2750,high,medium,6,dynadot,,,08/10/2026 18:28
cfac315d-ce6d-47a6-9bee-b7e686d76d86,health.host,premium,258.95,517.7,high,medium,6,spaceship,,,08/10/2026 18:28
0558eaa4-56a7-448f-93ef-35d04341a55c,health.claims,premium,400.5,414.2,high,medium,6,unstoppable,,,08/10/2026 18:28
9f71aa0a-ab0b-4625-b75d-b4ccf20aa8d6,health.fishing,available,25.2,25.2,high,medium,6,cloudflare,,,08/10/2026 18:28
0ffc6ec2-cb62-405b-bbd6-fa4681781c82,health.meme,premium,1300.2,1345.7,high,medium,6,unstoppable,,,08/10/2026 18:28
c08b7ba2-4008-415b-82cc-3807e6615083,health.coach,resell,,,high,medium,6,"Go Australia Domains, LLC",08/03/2015 16:00,08/03/2027 16:00,08/10/2026 18:28
b0e526e6-3989-4b73-ad76-a55d1d83be22,health.support,resell,,,high,medium,6,"Spaceship, Inc.",26/03/2014 16:00,26/03/2027 16:00,08/10/2026 18:28
1fd33786-ca54-4d07-bad8-2db628d6ec41,health.contractors,premium,102.67,102.67,high,medium,6,spaceship,,,08/10/2026 18:28
1c1897b7-cd19-4229-bc7b-00cd33b36ba1,health.accountants,available,93.35,93.35,high,medium,6,spaceship,,,08/10/2026 18:28
42154e0c-74d4-4d82-b32d-c7f238803083,health.management,resell,,,high,medium,6,Dynadot Inc,27/05/2018 10:41,27/05/2027 10:41,08/10/2026 18:28
5e3877d6-f4c8-4d37-b319-8e5e60b3843d,health.email,resell,,,high,medium,6,"Xiamen ChinaSource Internet Service Co., Ltd",23/09/2024 15:15,23/09/2027 15:15,08/10/2026 18:28
d4c52194-3dfb-46c7-826d-772d11ac8cf5,health.computer,resell,,,high,medium,6,Dynadot Inc,08/02/2026 17:00,08/02/2027 17:00,08/10/2026 18:28
e8a98d74-b9f1-475c-8da0-d561d3ff5ffc,health.loans,premium,200.5,242,high,medium,6,unstoppable,,,08/10/2026 18:28
d5b2f18b-f4ad-41ad-b73b-ec5fe87c9bf5,health.soy,premium,698.1,698.1,high,medium,6,namecheap,,,08/10/2026 18:28
df9bf2cd-e838-494a-85e3-5ab8354daa53,health.gay,premium,2200,2200,high,medium,6,dynadot,,,08/10/2026 18:28
3103287e-a8d7-4f7d-83b7-5b8066eb3c22,health.mov,premium,1034.17,1034.17,high,medium,6,spaceship,,,08/10/2026 18:28
3444e303-6a54-45ba-b704-359a8cee6228,health.diy,premium,362.45,517.7,high,medium,6,spaceship,,,08/10/2026 18:28
89ae735c-9b99-43c5-860a-5fb389a2ce69,health.investments,premium,512,512,high,medium,6,namesilo,,,08/10/2026 18:28
b91781a0-9eed-425e-94d1-b2221a582509,health.luxe,premium,512,17.7,high,medium,6,namesilo,,,08/10/2026 18:28
eb8759f5-92be-4ade-aac9-070a5c27db02,health.immo,available,27.2,27.2,high,medium,6,cloudflare,,,08/10/2026 18:28
65832ad8-e3cd-4073-8ed5-d849235804c4,health.rent,resell,,,high,medium,6,"GoDaddy.com, LLC",06/12/2020 19:56,06/12/2026 23:59,08/10/2026 18:28
d9b68f71-5fac-4b12-b239-f54721e45bb1,health.hot,premium,103.7,103.7,high,medium,6,spaceship,,,08/10/2026 18:28
52418c15-f988-4a18-8920-62b9ea3217c8,health.cab,resell,,,high,medium,6,"Chengdu West Dimension Digital Technology Co., Ltd.",02/03/2017 23:29,02/03/2028 23:29,08/10/2026 18:28
aea2050f-1b5a-4f38-b5cb-aa927db86ad7,health.studio,premium,1000.5,1035.2,high,medium,6,unstoppable,,,08/10/2026 18:28
ec382696-70e7-4eb2-bb78-385dfd64a2dc,health.futbol,available,5.66,5.66,high,medium,6,porkbun,,,08/10/2026 18:28
e707a4ee-6be9-4661-bde1-c6184c4abf95,health.report,resell,,,high,medium,6,"GoDaddy.com, LLC",30/06/2014 06:39,30/06/2027 06:39,08/10/2026 18:28
201ebdcb-54c2-49b2-a4ab-ddd8ba0b5c85,health.diet,premium,2660,2660,high,medium,6,namesilo,,,08/10/2026 18:28
ac47f6da-38ed-4835-a5df-80e2deb1cbe2,health.gallery,premium,118.8,118.8,high,medium,6,namesilo,,,08/10/2026 18:28
67bd25ac-8e85-4147-afaa-79d9d931389a,health.reisen,premium,414.2,414.2,high,medium,6,spaceship,,,08/10/2026 18:28
1d74b184-8df6-4d23-a8f6-162007641848,health.creditcard,premium,242,242,high,medium,6,namesilo,,,08/10/2026 18:28
ab170ec0-621d-4d01-a0c2-3aab03c15a64,health.voyage,resell,,,high,medium,6,"Global Domains International, Inc. DBA DomainCostClub.com",29/05/2026 15:15,29/05/2027 15:15,08/10/2026 18:28
796b2efd-0988-413a-95a0-754336f7e92f,health.blue,resell,,,high,medium,6,"Spaceship, Inc.",14/03/2019 10:12,14/03/2027 10:12,08/10/2026 18:28
bc46ff2b-9346-4d7b-a313-1e1492fa3395,health.christmas,premium,2200,2200,high,medium,6,dynadot,,,08/10/2026 18:28
c42d8dd2-7b52-49ff-860c-0be31bb40990,health.dealer,premium,1604.45,2070.2,high,medium,6,spaceship,,,08/10/2026 18:28
0ad8df86-09c4-4389-82fb-6b3d9852c0c3,health.cleaning,premium,54.36,108.6,high,medium,6,porkbun,,,08/10/2026 18:28
363cb2a5-36ec-4e71-bbc0-055c87589c35,health.markets,premium,,,high,medium,6,,,,08/10/2026 18:28
9837903e-0c68-4cf6-aaa7-37a114e35a72,health.foundation,resell,,,high,medium,6,"Spaceship, Inc.",17/02/2018 18:44,17/02/2027 18:44,08/10/2026 18:28
430888b5-974a-4022-8a64-d1957600cd90,health.berlin,premium,1268.8,1268.8,high,medium,6,namecheap,,,08/10/2026 18:28
b884b9b6-4501-4f20-850f-d73c5bad8fde,health.attorney,premium,1035.2,1035.2,high,medium,6,spaceship,,,08/10/2026 18:28
f3240a5b-a797-4aae-a6a4-5a4d1ea1f2a8,health.cafe,resell,,,high,medium,6,"Chengdu West Dimension Digital Technology Co., Ltd.",18/12/2019 07:40,18/12/2026 07:40,08/10/2026 18:28
4df36910-c276-4f4d-8c78-e06e9f36b672,health.racing,premium,103.7,103.7,high,medium,6,spaceship,,,08/10/2026 18:28
a776ef27-e981-4be6-ad9b-e20cbe2c718e,health.voting,available,1398,1448,high,medium,6,namecheap,,,08/10/2026 18:28
a16ad055-9033-4086-a618-e0e40fcf7951,health.uno,premium,6900,6900,high,medium,6,namesilo,,,08/10/2026 18:28
f28b1f5b-6eea-4f67-a241-bebfc5d8e0ef,health.archi,available,19.99,103.99,high,medium,6,namesilo,,,08/10/2026 18:28
1c79a013-a55a-4706-a664-62efbb988a7d,health.foo,premium,999.2,1034.17,high,medium,6,unstoppable,,,08/10/2026 18:28
d0b962e9-1fcc-4b9d-ac58-7947f9ab0516,health.productions,premium,108.9,108.9,high,medium,6,dynadot,,,08/10/2026 18:28
294d81f3-b5fd-4aa7-8150-b9d0ca6c62f7,health.click,resell,,,high,medium,6,Gandi SAS,05/07/2020 11:08,05/07/2035 11:08,08/10/2026 18:28
73d24a8c-6650-4d36-8d03-9e6372a50a00,healthcare.health,premium,3450,71.4,high,low,10,namesilo,,,09/10/2026 03:00
25e1bda6-dde1-4748-adec-5479d3db20b9,health.army,premium,242,242,high,medium,6,namesilo,,,08/10/2026 18:28
bdeb3757-10bd-4246-bbf1-b4c869d01efd,health.salon,premium,118.8,118.8,high,medium,6,namesilo,,,08/10/2026 18:28
530b8287-775d-4e18-89a6-9d18158cfb71,health.review,premium,2587.7,103.7,high,medium,6,spaceship,,,08/10/2026 18:28
bb1ecab9-7de1-4276-97d1-1cb21b6f8e6f,health.florist,available,32.99,32.99,high,medium,6,namesilo,,,08/10/2026 18:28
13a1bb6c-6c88-4ca9-a971-7ec453ba1e09,health.moi,premium,1000.5,1107,high,medium,6,unstoppable,,,08/10/2026 18:28
0a7035a7-e6c1-470b-89ff-82f12ca63748,health.law,resell,,,high,medium,6,"GoDaddy.com, LLC",14/08/2020 08:56,14/08/2027 08:56,08/10/2026 18:28
531c9ade-bfa8-451a-ab80-b1b469df1c2c,health.press,premium,6900,6900,high,medium,6,namesilo,,,08/10/2026 18:28
71ff20b1-1d2e-4ee0-ab80-6da5d5997d8f,health.tours,resell,,,high,medium,6,"GoDaddy.com, LLC",24/09/2016 17:45,24/09/2027 17:45,08/10/2026 18:28
49062b39-3149-4ae4-b1cd-2ac245134834,health.boo,premium,999.2,1034.17,high,medium,6,unstoppable,,,08/10/2026 18:28
26fbac02-11ff-4fef-bfad-7908b71cdf79,health.esq,premium,1344.67,1344.67,high,medium,6,spaceship,,,08/10/2026 18:28
5eea7f01-f512-4892-aa21-4234f3135250,health.contact,resell,,,high,medium,6,Porkbun LLC,06/12/2020 16:00,06/12/2026 16:00,08/10/2026 18:28
fa4733f3-4bfb-4827-bf6f-c7f50e62cdf3,health.moe,premium,96,14.16,high,medium,6,namesilo,,,08/10/2026 18:28
d403f99b-f177-4b4b-986c-79c678f7eb25,health.one,resell,,,high,medium,6,Dynadot Inc,23/04/2025 01:04,23/04/2027 01:04,08/10/2026 18:28
d163b726-2056-468f-a4fb-b56e95e49836,health.clothing,resell,,,high,medium,6,"Global Domains International, Inc. DBA DomainCostClub.com",24/07/2026 15:16,24/07/2027 15:16,08/10/2026 18:28
a9b15ce2-c420-408c-8c7b-4080784e1c57,health.fan,premium,207.2,207.2,high,medium,6,spaceship,,,08/10/2026 18:28
75e7965b-c13e-43b3-a15a-76bc39d06d08,health.recipes,available,8.99,77.99,high,medium,6,namesilo,,,08/10/2026 18:28
bda2ab23-c940-40eb-aa47-f1116114f737,health.tattoo,available,1.75,31.25,high,medium,6,spaceship,,,08/10/2026 18:28
7efb7557-1c97-4130-b490-8d6763404bc7,health.moda,available,32.2,32.2,high,medium,6,cloudflare,,,08/10/2026 18:28
efbc6cbf-795b-4380-86d8-030f04866da6,health.fyi,resell,,,high,medium,6,"Go Montenegro Domains, LLC",02/09/2015 16:00,02/09/2027 16:00,08/10/2026 18:28
7c2e7497-3b29-489d-931d-58babff06908,health.industries,premium,440,440,high,medium,6,dynadot,,,08/10/2026 18:28
30232ce7-8b8a-4963-9307-ed418064828a,health.ltda,premium,56.64,33.04,high,medium,6,namesilo,,,08/10/2026 18:28
6595419d-921e-4cca-b991-2ce9a35ff1ae,health.bio,premium,1995,1995,high,medium,6,namesilo,,,08/10/2026 18:28
67da738a-ac47-4ec6-98cd-7734b5974770,health.vana,available,2070.2,2070.2,high,medium,6,spaceship,,,08/10/2026 18:28
781e1b04-0acc-4fbd-a1e4-0468605ab106,health.discount,premium,85.8,85.8,high,medium,6,namecheap,,,08/10/2026 18:28
2c2fd79f-cb36-4f51-8506-bbc763815d3e,health.help,resell,,,high,medium,6,Dynadot Inc,21/09/2026 08:29,21/09/2027 23:59,08/10/2026 18:28
b00b2407-e983-46a5-aa3c-b624f4bc2b23,health.taxi,resell,,,high,medium,6,"Sav.com, LLC - 36",26/12/2025 15:15,26/12/2026 15:15,08/10/2026 18:28
ee04f05b-b8a3-4e45-8c6a-3b793bd9d203,health.film,premium,116,116,high,medium,6,namesilo,,,08/10/2026 18:28
655dd9b9-8141-4c0e-89c9-533ac77fa27b,health.tienda,available,5.66,47.89,high,medium,6,porkbun,,,08/10/2026 18:28
ccafa5c4-89cd-41fb-b742-fb13b5dacf9c,health.audio,available,103.5,103.5,high,medium,6,porkbun,,,08/10/2026 18:28
d5c0504d-ba90-4202-b965-42e81f2b902e,health.villas,premium,414.2,414.2,high,medium,6,spaceship,,,08/10/2026 18:28
d2327730-752f-46f5-a64c-586c07e4d673,health.gift,resell,,,high,medium,6,"NameSilo, LLC",15/05/2014 19:57,15/05/2027 19:57,08/10/2026 18:28
7225c1bc-0369-4936-a11b-c9fe379214b3,health.theatre,available,465.95,500.18,high,medium,6,spaceship,,,08/10/2026 18:28
a1733c19-35bd-4379-9d4f-2199ebe9437d,health.lease,premium,102.67,102.67,high,medium,6,spaceship,,,08/10/2026 18:28
45f1076a-861e-4288-9a28-e9c65686c628,health.now,resell,,,high,medium,6,"Spaceship, Inc.",03/10/2024 13:41,03/10/2027 13:41,08/10/2026 18:28
d720103e-6233-4ca6-a43d-c114b4bc95a3,medical.horse,available,26.08,26.08,high,low,7,spaceship,,,07/10/2026 21:30
55671ec4-f785-40c7-8632-6aa7fad74de4,health.website,premium,3450,3450,high,medium,6,namesilo,,,08/10/2026 18:28
18ee9dd5-3f3b-47b1-ae9a-2f02819fb06a,health.black,resell,,,high,medium,6,Porkbun LLC,22/06/2026 23:44,22/06/2027 23:44,08/10/2026 18:28
773a2814-de91-4fe6-9ed2-32b1acab0c13,health.dating,available,11.59,51.95,high,medium,6,spaceship,,,08/10/2026 18:28
65c97f91-1994-4b5e-9816-5d8fd7efa64f,health.mba,resell,,,high,medium,6,Alibaba Cloud Computing Ltd. d/b/a HiChina (www.net.cn),04/08/2023 15:15,04/08/2027 15:15,08/10/2026 18:28
886259bb-fa8b-4867-b91d-b85b44b77816,health.lgbt,premium,3000.5,4140,high,medium,6,unstoppable,,,08/10/2026 18:28
b6f22861-12fc-43a1-b288-01e81547344d,health.furniture,available,26.5,127.98,high,medium,6,unstoppable,,,08/10/2026 18:28
e3b4c125-4c90-49f0-ae68-acff30e36c00,health.top,premium,532.99,532.99,high,medium,6,namesilo,,,08/10/2026 18:28
55c8e9f4-bfb2-4c91-a9da-6723b9e4fa8f,health.tools,resell,,,high,medium,6,Dynadot Inc,25/10/2021 13:12,25/10/2027 13:12,08/10/2026 18:28
b2b31deb-76bf-4542-94bb-e6a562b59b6e,health.shiksha,resell,,,high,medium,6,PDR Ltd. d/b/a PublicDomainRegistry.com,08/08/2017 03:26,08/08/2027 03:26,08/10/2026 18:28
03363ca8-33e2-45ab-83e4-f52180a80bcb,health.link,resell,,,high,medium,6,"Spaceship, Inc.",27/07/2017 02:47,27/07/2027 02:47,08/10/2026 18:28
f6ce360f-9304-4557-89a7-24f8a115023d,health.reise,premium,260,260,high,medium,6,namecheap,,,08/10/2026 18:28
eba99487-5d2e-49bf-9470-f21d24bf3fbc,health.pictures,resell,,,high,medium,6,"Sav.com, LLC - 20",15/12/2025 15:15,15/12/2026 15:15,08/10/2026 18:28
92772ca5-3f7c-4fd6-8c09-ab92266f3644,health.sh,resell,,,high,medium,6,"GoDaddy.com, LLC",24/05/2022 17:16,24/05/2028 17:16,08/10/2026 18:28
d49fe5b3-9926-4f40-bb4f-546f8644b0fa,health.house,resell,,,high,medium,6,"Spaceship, Inc.",08/01/2018 20:33,08/01/2027 20:33,08/10/2026 18:28
d5960061-2c2b-4b83-84b9-dde7b5652fae,health.exposed,premium,220,220,high,medium,6,dynadot,,,08/10/2026 18:28
d140f42a-a4be-4734-aeeb-e255497d915c,health.tel,resell,,,high,medium,6,RegistryGate GmbH,16/03/2009 14:01,22/03/2027 23:59,08/10/2026 18:28
bb1c0442-9204-4d9c-9c50-e02653a0ebb0,medical.space,premium,10000.2,13800,high,low,7,unstoppable,,,07/10/2026 21:30
a2c6ccae-45d6-4848-8e5d-7abf0d012d93,health.maison,available,57.99,57.99,high,medium,6,namesilo,,,08/10/2026 18:28
b93778ef-3e84-4db2-b25a-f6c66abadeb3,health.agency,resell,,,high,medium,6,Porkbun LLC,24/06/2025 19:51,24/06/2027 19:51,08/10/2026 18:28
65aca995-276e-49f6-907c-7d85c77ada85,health.win,resell,,,high,medium,6,"Chengdu West Dimension Digital Technology Co., Ltd.",12/05/2016 03:19,11/05/2027 23:59,08/10/2026 18:28
d2d41f55-8bdb-407d-b8b6-26a794755b37,health.plumbing,premium,440,440,high,medium,6,dynadot,,,08/10/2026 18:28
77f9d4ae-3408-4b23-8cf4-7bc45e6fb898,health.forex,available,10.55,83,high,medium,6,spaceship,,,08/10/2026 18:28
544113e2-ee2b-468e-b8ef-c8a02b74ef19,health.bike,resell,,,high,medium,6,Edomains LLC,01/02/2017 16:55,01/02/2027 16:55,08/10/2026 18:28
e6fda05e-8387-4679-a088-de5ea5e25f9f,health.sex,available,69.98,154.98,high,medium,6,namecheap,,,08/10/2026 18:28
360dcaa5-d6ce-48a4-bc58-7679b4e59371,health.bargains,premium,200.5,218.86,high,medium,6,unstoppable,,,08/10/2026 18:28
48a96d86-6d29-48d7-873e-4c435d43c60b,health.flowers,available,93.35,103.4,high,medium,6,spaceship,,,08/10/2026 18:28
8632e708-81e3-49b5-98e9-cfdb1b18f873,health.airforce,premium,102.67,102.67,high,medium,6,spaceship,,,08/10/2026 18:28
a622b67c-cb23-4a91-ab8f-679bc48b6848,health.fast,resell,,,high,medium,6,"Spaceship, Inc.",06/10/2025 21:42,06/10/2027 21:42,08/10/2026 18:28
0ced09e8-281d-42a6-9aeb-63c8cc675bde,health.cx,resell,,,high,medium,6,West263 International Limited,05/04/2023 04:25,05/04/2027 04:25,08/10/2026 18:28
400a1d0a-a30e-4cbc-ac74-cbbb66394713,health.rsvp,premium,1034.17,1034.17,high,medium,6,spaceship,,,08/10/2026 18:28
252885c5-fa44-44c2-9707-c6db943a51f5,health.limo,available,43.67,43.67,high,medium,6,spaceship,,,08/10/2026 18:28
42d127d1-3053-46db-afe9-bcbac7c144b0,health.sexy,available,2998,3298,high,medium,6,namecheap,,,08/10/2026 18:28
a4b27113-1971-4720-a0c8-dba4f9dbe697,health.srl,premium,54.28,30.68,high,medium,6,namesilo,,,08/10/2026 18:28
1fffb9f9-56be-4a00-b58c-fd878041d371,health.capital,resell,,,high,medium,6,Dynadot Inc,02/09/2015 16:00,02/09/2027 16:00,08/10/2026 18:28
2e75f965-f11f-4d1c-901b-cd8186492ceb,health.coffee,resell,,,high,medium,6,Edomains LLC,25/06/2023 15:15,25/06/2027 15:15,08/10/2026 18:28
356eb10e-2801-43c9-ab7a-38bb6045cc4d,medical.moi,premium,640,640,high,low,7,namesilo,,,07/10/2026 21:30
eb050d33-2152-4a69-a56f-406d61043470,medical.memorial,available,41.6,41.6,high,low,7,spaceship,,,07/10/2026 21:30
7545cf10-dd6f-4405-ac15-95bcbdec598d,medical.forex,available,10.55,83,high,low,7,spaceship,,,07/10/2026 21:30
93caf68b-411d-48ef-b3b6-867c2420e702,health.auction,premium,1107,1107,high,medium,6,namesilo,,,08/10/2026 18:28
6e66293d-aae2-49d5-bd2b-980b84fae486,medical.barcelona,available,25.04,25.04,high,low,7,spaceship,,,07/10/2026 21:30
68354c34-5f9d-4c15-b06b-572ccc652323,medical.center,resell,,,high,low,7,GoDaddy Online Services Cayman Islands Ltd.,28/06/2015 17:08,28/06/2027 17:08,07/10/2026 21:30
e2de2138-b3d5-46ca-bc11-62758485f395,health.loan,premium,6900,116,high,medium,6,namesilo,,,08/10/2026 18:28
2bd06876-f3db-4cef-a3bd-609b1841026e,health.page,premium,1278.72,1278.72,high,medium,6,namesilo,,,08/10/2026 18:28
067af24e-dec3-4c64-bca2-974c693c7ad2,medical.rich,available,94.99,1999,high,low,7,namesilo,,,07/10/2026 21:30
17fbbe64-8a51-4727-9b53-7454c1464e51,medicine.doctor,premium,437.29,873.85,high,low,8,porkbun,,,08/10/2026 08:17
1d629ff4-f4f4-4062-8604-49f624fad1fe,medical.living,premium,362.45,517.7,high,low,7,spaceship,,,07/10/2026 21:30
3e2f04c8-c331-444c-b5a8-f58b8178d866,health.work,resell,,,high,medium,6,GoDaddy Online Services Cayman Islands Ltd.,16/10/2017 12:12,16/10/2035 12:12,08/10/2026 18:28
ef85acc2-652a-404a-aeef-43e802aea447,health.accountant,premium,448,53.92,high,medium,6,namesilo,,,08/10/2026 18:28
3c90b556-fe85-4035-8ce8-93a09361b317,medical.pics,resell,1.99,45.99,high,low,7,Dynadot Inc,16/02/2026 16:36,16/02/2027 23:59,07/10/2026 21:30
e04a8117-b4b6-42b1-8227-0b68d5aae4ab,health.credit,resell,,,high,medium,6,Dynadot Inc,19/05/2024 15:15,19/05/2027 15:15,08/10/2026 18:28
81a50238-50bf-4398-9d7c-643c33347bad,health.melbourne,available,58,58,high,medium,6,namesilo,,,08/10/2026 18:28
90711469-a70e-49ec-973e-f8acf6079cb8,health.cfd,premium,310.7,621.2,high,medium,6,spaceship,,,08/10/2026 18:28
718c17e4-f27b-46f2-a520-61714e600811,health.bz,resell,,,high,medium,6,"GoDaddy.com, LLC",12/09/2022 01:08,12/09/2027 01:08,08/10/2026 18:28
5063376a-006c-449b-b574-8f01d9833a88,medical.porn,available,95.2,95.2,high,low,7,cloudflare,,,07/10/2026 21:30
c3e8c66f-d562-4822-9214-bc9c95960360,health.motorcycles,premium,2183.84,2183.84,high,medium,6,porkbun,,,08/10/2026 18:28
ef3f93c9-3bd7-4bf8-b694-96a8f484fa69,medical.casa,premium,41.6,10.55,high,low,7,spaceship,,,07/10/2026 21:30
be536242-e46b-4dfe-8210-5dcb158c36c3,medical.realty,premium,724.7,1035.2,high,low,7,spaceship,,,07/10/2026 21:30
23d536d4-c645-4b11-8c7e-6b27a329ad35,health.engineer,premium,1107,1107,high,medium,6,namesilo,,,08/10/2026 18:28
a50a335b-c54b-44cd-bee1-7fa312d6af32,medical.protection,available,1999.99,2049.99,high,low,7,namesilo,,,07/10/2026 21:30
171b2c6a-4b35-4797-9375-f965b07dccac,medical.mom,premium,672.95,672.95,high,low,7,spaceship,,,07/10/2026 21:30
8db1812e-30b4-450f-a7e4-1620533ad24f,health.party,resell,,,high,medium,6,Dynadot Inc,24/07/2026 14:38,24/07/2027 14:38,08/10/2026 18:28
7c99fb9a-a2ef-452a-af8b-f6b8cac4ae9b,medical.theater,available,51.95,51.95,high,low,7,spaceship,,,07/10/2026 21:30
5b089722-accb-4fca-85b4-61cc1f56f0cb,medical.deals,resell,,,high,low,7,"Sav.com, LLC - 39",29/08/2025 15:15,29/08/2027 15:15,07/10/2026 21:30
7cdad320-32b3-4dbc-9b12-1f2f63c81174,medical.inc,premium,1604.45,2070.2,high,low,7,spaceship,,,07/10/2026 21:30
8eabf627-24a8-4182-b652-b197c807af36,health.dental,resell,,,high,medium,6,"Sav.com, LLC - 41",03/09/2026 15:15,03/09/2027 15:15,08/10/2026 18:28
3817c6bb-be82-4ef2-afb9-cbe9998011ba,medical.mortgage,available,49.88,49.88,high,low,7,spaceship,,,07/10/2026 21:30
44e459ec-316c-4164-a0e6-4b76cc83e746,health.apartments,resell,,,high,medium,6,"Sav.com, LLC - 14",16/12/2025 15:15,16/12/2026 15:15,08/10/2026 18:28
fdbbcd91-fbd6-4724-9998-cb4efeb1573f,healthcare.horse,premium,52,32.5,high,low,10,namecheap,,,09/10/2026 03:00
093b7978-a681-4339-aa26-06ca1da552bc,medical.kitchen,available,8.98,93.98,high,low,7,namecheap,,,07/10/2026 21:30
2ec80791-cbb8-4f99-8009-9ce41114e128,medical.cricket,available,21.6,21.6,high,low,7,dynadot,,,07/10/2026 21:30
7f003e11-3578-4ae3-8e74-22a868f0f420,health.marketing,resell,,,high,medium,6,Dynadot Inc,24/06/2020 13:24,24/06/2027 13:24,08/10/2026 18:28
5ad93cba-adfb-4c3e-ad55-d3ab7da08f58,health.date,premium,390,65,high,medium,6,namecheap,,,08/10/2026 18:28
1d9e2bbb-82d0-4616-818e-3fdecabf8b74,medical.fashion,premium,242,29.5,high,low,7,namesilo,,,07/10/2026 21:30
a9cf0882-d495-47f2-b7c5-c7877585dd2b,health.locker,premium,5175.2,31.25,high,medium,6,spaceship,,,08/10/2026 18:28
0181b495-9b46-4a63-9ea9-7a37cf4ea017,medical.reviews,premium,512,512,high,low,7,namesilo,,,07/10/2026 21:30
0a36e537-bac9-4a16-bddb-08b0b2a6e9c3,medical.today,resell,,,high,low,7,"GoDaddy.com, LLC",07/08/2023 04:25,07/08/2027 04:25,07/10/2026 21:30
c9f5473c-e50f-4dfc-b399-5e2f6980622d,medical.onl,premium,53.92,116,high,low,7,namesilo,,,07/10/2026 21:30
311254ec-9dd4-461a-bc5f-9618bf3a01f2,medical.fund,premium,520,520,high,low,7,namecheap,,,07/10/2026 21:30
84724eed-e139-4179-b810-8566de54dbe9,health.limited,resell,,,high,medium,6,"Spaceship, Inc.",13/07/2023 15:15,13/07/2027 15:15,08/10/2026 18:28
643487d0-f06d-4e96-bb1d-e1599cf26e19,medical.haus,available,14.99,33.99,high,low,7,namesilo,,,07/10/2026 21:30
49fc4e5a-9801-43bd-958c-c145ca5c71aa,health.software,premium,3450,3450,high,medium,6,namesilo,,,08/10/2026 18:28
85f35b3f-dcce-4be0-91a5-7ed23b77842f,medical.loans,resell,,,high,low,7,"GoDaddy.com, LLC",02/12/2015 21:04,02/12/2026 21:04,07/10/2026 21:30
54c3792e-8699-4d84-8d95-35f8f9f5a823,health.dad,premium,1034.17,1034.17,high,medium,6,spaceship,,,08/10/2026 18:28
1a2e88db-bec3-4444-81cf-9c18e83b6601,health.family,premium,414.2,414.2,high,medium,6,spaceship,,,08/10/2026 18:28
614d88b6-6deb-43e2-87c2-0373d4ad2cde,medical.foo,premium,516.67,516.67,high,low,7,spaceship,,,07/10/2026 21:30
011a0b23-1d53-456a-9ae7-8a7cffe3ab65,medical.games,premium,118.8,118.8,high,low,7,namesilo,,,07/10/2026 21:30
c62a6b2f-8881-46f5-9a40-570ff0d08011,health.cars,available,2060.25,2064.19,high,medium,6,porkbun,,,08/10/2026 18:28
8491b925-1f13-4a8d-ae36-24c59307f8e0,medical.phd,premium,671.92,671.92,high,low,7,spaceship,,,07/10/2026 21:30
c03b832d-ae43-4828-91ad-2e7e03378e96,medical.eco,premium,3622.7,59.71,high,low,7,spaceship,,,07/10/2026 21:30
7a0b1933-51ea-43e7-9830-1105483e63c4,medical.band,premium,68.51,68.51,high,low,7,spaceship,,,07/10/2026 21:30
dd8c6045-22c3-4d9f-86fd-2fb1c1df5c52,medical.partners,premium,108.9,108.9,high,low,7,dynadot,,,07/10/2026 21:30
b0f9cd2b-746d-47af-881d-729081fe485b,health.beer,resell,,,high,medium,6,Alibaba Cloud Computing Ltd. d/b/a HiChina (www.net.cn),10/09/2018 12:46,10/09/2027 12:46,08/10/2026 18:28
857c860d-279b-4225-b1de-f424a467667d,health.hockey,available,61,59.99,high,medium,6,unstoppable,,,08/10/2026 18:28
bba52372-9ca7-40da-b167-d0aa7d2567ca,medical.financial,premium,128.7,128.7,high,low,7,namecheap,,,07/10/2026 21:30
c2293097-19da-4c94-b222-267897ec19ce,medical.zip,premium,499.2,516.67,high,low,7,unstoppable,,,07/10/2026 21:30
af4a3b08-c73b-4d8c-a005-e7359d5cfd00,healthcare.baby,resell,,,high,low,10,Dynadot Inc,19/01/2026 00:03,19/01/2027 23:59,09/10/2026 03:00
e3dd113c-5e93-4a1c-ad8f-aae4c4070f45,health.phd,premium,1344.67,1344.67,high,medium,6,spaceship,,,08/10/2026 18:28
b50e078a-4c59-49ee-970c-36e54cb8a57f,healthcare.dad,premium,516.67,516.67,high,low,10,spaceship,,,09/10/2026 03:00
bcdde617-b634-4cc0-bb3a-763a840fae65,health.kaufen,available,23.94,23.94,high,medium,6,spaceship,,,08/10/2026 18:28
928096f9-e145-4deb-9f37-7c658f2c7a5d,medical.shopping,resell,,,high,low,7,"Chengdu West Dimension Digital Technology Co., Ltd.",16/06/2023 15:15,16/06/2027 15:15,07/10/2026 21:30
82082d2d-b43e-481d-9f1a-86ed66ca758c,medical.services,premium,414.2,828.2,high,low,7,spaceship,,,07/10/2026 21:30
020a2e0d-3c4c-4d3c-9f69-0e79f7355b08,medical.boutique,premium,68.51,68.51,high,low,7,spaceship,,,07/10/2026 21:30
2fa6b74b-aec8-4c4c-b1d6-c0b040a34a63,health.fans,premium,258.95,517.7,high,medium,6,spaceship,,,08/10/2026 18:28
f085965b-5be3-438a-9d73-6295fffdcf35,healthcare.lifestyle,premium,455,650,high,low,10,namecheap,,,09/10/2026 03:00
99446d59-fa93-47ff-97c7-58d6824727c3,healthcare.rehab,premium,242,242,high,low,10,namesilo,,,09/10/2026 03:00
9f051c65-de84-4706-a71c-4b2604599d6c,medical.sarl,premium,78.54,78.54,high,low,7,namesilo,,,07/10/2026 21:30
6745bf18-f9a4-4d94-ab88-162dc75127b7,health.makeup,premium,2070.2,2070.2,high,medium,6,spaceship,,,08/10/2026 18:28
4b758fac-e9ed-469d-8bab-e074fd8c5e80,medical.giving,available,6.41,22.39,high,low,7,spaceship,,,07/10/2026 21:30
2955d2e2-7d34-4c69-99e5-742dba780d5c,medical.accountant,premium,640,77.35,high,low,7,namesilo,,,07/10/2026 21:30
7240d537-7c53-4492-abb8-a132b1e14806,medical.bid,resell,,,high,low,7,Dynadot Inc,22/05/2020 13:00,22/05/2027 13:00,07/10/2026 21:30
fc472ad1-7755-4fdb-8b59-8dd1659a65dc,medical.movie,available,270.2,270.2,high,low,7,cloudflare,,,07/10/2026 21:30
32920772-ea28-4d0f-90ac-24f590b12c1c,hospital.healthcare,premium,512,512,high,low,8,namesilo,,,07/10/2026 16:31
2815a960-1a41-420e-8b64-7112d0e28a63,health.place,resell,,,high,medium,6,1API GmbH,21/09/2014 16:00,21/09/2027 16:00,08/10/2026 18:28
d6e2a670-c538-4bac-a608-04d9756fa98e,medical.condos,premium,118.8,118.8,high,low,7,namesilo,,,07/10/2026 21:30
3ece6f73-3f6f-4876-ab53-02f08da6acf8,health.charity,premium,207.2,207.2,high,medium,6,spaceship,,,08/10/2026 18:28
57c881fa-92f1-46d6-a03d-f649f696ccac,health.watch,resell,,,high,medium,6,"GoDaddy.com, LLC",21/07/2015 21:06,21/07/2027 21:06,08/10/2026 18:28
43937a7a-5d72-4a0e-9641-518fb919ebf5,medical.wtf,premium,207.2,207.2,high,low,7,spaceship,,,07/10/2026 21:30
b6f5123d-5697-4911-9953-ea74bce58964,medical.download,premium,13800,116,high,low,7,namesilo,,,07/10/2026 21:30
8644fc57-3c25-48ad-b782-cefd893414e3,health.pub,premium,1552.7,1552.7,high,medium,6,spaceship,,,08/10/2026 18:28
2b4167ac-880d-4008-8a0c-2106c1aa1c7d,medical.sbs,premium,192,384,high,low,7,namesilo,,,07/10/2026 21:30
321a9d31-142a-4df9-912e-fe6014d1125c,medical.theatre,available,509.99,529.99,high,low,7,namesilo,,,07/10/2026 21:30
a9997889-35a0-4dfa-937a-546b0ca418cf,health.church,resell,,,high,medium,6,"GoDaddy.com, LLC",16/02/2024 09:12,16/02/2027 09:12,08/10/2026 18:28
9a6db310-77fe-4905-a90b-e28227c458af,health.mortgage,premium,260,260,high,medium,6,namecheap,,,08/10/2026 18:28
48f53371-6e6b-4c43-98d4-c238b0be9054,health.schule,available,28.99,28.99,high,medium,6,namesilo,,,08/10/2026 18:28
8a101178-cdfa-4e69-929c-1392e8a89578,healthcare.surgery,premium,512,512,high,low,10,namesilo,,,09/10/2026 03:00
59d9f958-4c44-4766-8a54-1202aa0316b3,health.tennis,available,67.46,67.46,high,medium,6,porkbun,,,08/10/2026 18:28
33ed8fd4-060a-46a2-bd19-dc64ff3dafb2,health.builders,resell,,,high,medium,6,"Spaceship, Inc.",26/03/2014 16:00,26/03/2027 16:00,08/10/2026 18:28
ccaa6548-94fa-4cf1-bfda-ba719de46ebf,medical.lgbt,available,10.92,70.84,high,low,7,dynadot,,,07/10/2026 21:30
be23264b-2c20-4dcd-86cb-4eb2ab50bc84,medical.pw,premium,2587.5,2587.5,high,low,7,spaceship,,,07/10/2026 21:30
168dafe6-8c1a-452b-beb1-229b84e32598,health.webcam,premium,517.7,67.48,high,medium,6,spaceship,,,08/10/2026 18:28
f9751971-2b63-4481-8c86-bcf12a22383a,medical.game,premium,1345.7,1345.7,high,low,7,spaceship,,,07/10/2026 21:30
edd7364a-763b-4a5c-8a3d-260bdd01a543,medical.bot,resell,,,high,low,7,"Spaceship, Inc.",21/05/2025 03:55,21/05/2027 03:55,07/10/2026 21:30
eb6e976c-529c-4e65-b9fb-5f580bcdaaab,health.domains,premium,260,260,high,medium,6,namecheap,,,08/10/2026 18:28
a718c111-86c0-4eca-b824-eb8d698c79a1,medical.id,resell,,,high,low,7,PT Jagat Informasi Solusi (int),03/01/2021 00:31,03/01/2027 23:59,07/10/2026 21:30
63138344-d953-4360-b034-40113245e906,medical.hosting,available,279.65,341.75,high,low,7,spaceship,,,07/10/2026 21:30
feaa2329-eee1-4122-b2a4-2c2b26344fed,medical.how,premium,474.5,474.5,high,low,7,namecheap,,,07/10/2026 21:30
0852c56d-ba0c-4317-ad67-6cfe91b04867,medical.cat,available,18.83,25.04,high,low,7,spaceship,,,07/10/2026 21:30
5e3ac870-f4f2-4660-8540-7400d2e3576e,medical.garden,premium,414.2,26.08,high,low,7,spaceship,,,07/10/2026 21:30
a80af9ad-cf9c-48d7-a78e-55076e6f4d12,medical.day,premium,516.67,516.67,high,low,7,spaceship,,,07/10/2026 21:30
cd539d00-067f-4840-aa73-b6fc211fd871,medical.fail,premium,102.67,102.67,high,low,7,spaceship,,,07/10/2026 21:30
ea24b30a-1386-4726-b898-c8d91570c83a,medical.bike,available,12.99,38.99,high,low,7,namesilo,,,07/10/2026 21:30
af3fcc66-c64c-4346-8e7a-5166fb2cbcea,medical.luxe,premium,512,17.7,high,low,7,namesilo,,,07/10/2026 21:30
78d94ec5-5613-4c2f-9af4-073cb2e4c601,health.pink,premium,1300,1300,high,medium,6,namecheap,,,08/10/2026 18:28
f4f01a04-fd29-436a-9275-51516a430969,medical.capital,premium,118.8,118.8,high,low,7,namesilo,,,07/10/2026 21:30
99c4e1f1-f124-4e24-ae58-3baebf97a7dc,medical.futbol,available,7.49,7.49,high,low,7,namesilo,,,07/10/2026 21:30
a7b82990-0eaf-4590-85e3-78102f98f5a4,health.ventures,resell,,,high,medium,6,"GoDaddy.com, LLC",05/02/2014 14:47,05/02/2027 14:47,08/10/2026 18:28
478920a0-f3d9-44a0-a712-dab7ec55bac3,care.surgery,premium,512,512,high,medium,4,namesilo,,,25/09/2026 13:42
9452d769-47f1-46ec-9fd7-18e719b742cf,medical.forum,premium,103.7,103.7,high,low,7,spaceship,,,07/10/2026 21:30
42329bfb-0b7a-4e89-9e8c-1c88605ad098,medical.furniture,premium,200.5,207.2,high,low,7,unstoppable,,,07/10/2026 21:30
118f78d7-3c5a-4eec-bb87-6b41b9090a83,health.events,resell,,,high,medium,6,"GoDaddy.com, LLC",29/09/2024 01:23,29/09/2027 01:23,08/10/2026 18:28
74cf3f27-a6e4-4a06-93b9-e36dcad472c8,health.fail,premium,102.67,102.67,high,medium,6,spaceship,,,08/10/2026 18:28
80a3c63f-6b9d-4340-85f8-17fa657a7e7e,medical.vote,available,34.99,90.99,high,low,7,namesilo,,,07/10/2026 21:30
9d556f20-4c5e-46c6-94e0-e0dc896ddb9e,health.catering,premium,118.8,118.8,high,medium,6,namesilo,,,08/10/2026 18:28
6fffa4e8-0b28-4b22-8df4-17f9faf5d7b2,medical.us,resell,,,high,low,7,"GoDaddy.com, LLC",24/04/2002 14:02,23/04/2027 23:59,07/10/2026 21:30
83c96f6c-bc58-4adc-9f89-922728a56b1c,healthcare.icu,resell,,,high,low,10,"Spaceship, Inc.",25/12/2021 19:39,25/12/2026 23:59,09/10/2026 03:00
45d86824-44a7-49f0-bb91-777cc7f43219,health.shopping,premium,118.8,118.8,high,medium,6,namesilo,,,08/10/2026 18:28
77f0ec34-2ba5-4382-b60c-8ce6544d06c5,health.cc,resell,,,high,medium,6,"NameCheap, Inc.",09/11/1997 05:00,09/11/2030 05:00,08/10/2026 18:28
bed18929-b0df-4cab-a792-31f2cd5893ad,health.college,premium,13800,13800,high,medium,6,namesilo,,,08/10/2026 18:28
7f73a946-8fe1-469a-9f4a-ea990ed0429f,health.navy,premium,242,242,high,medium,6,namesilo,,,08/10/2026 18:28
cc70f323-fe73-4ab5-a983-adb88885c351,health.wedding,premium,47.2,29.5,high,medium,6,namesilo,,,08/10/2026 18:28
70ed58a9-43e3-4639-b331-0cfd8c301ad8,health.jewelry,available,51.95,51.95,high,medium,6,spaceship,,,08/10/2026 18:28
6e1900bb-18a0-40a1-9f3e-4fac5a8ffce9,health.gratis,premium,512,512,high,medium,6,namesilo,,,08/10/2026 18:28
b62b31db-f0ca-49c5-b5a9-3fb29b7f2aec,medical.courses,premium,1035.2,1035.2,high,low,7,spaceship,,,07/10/2026 21:30
aad36a2d-346a-4dad-9b82-cedd1e566c94,healthcare.barcelona,available,25.04,25.04,high,low,10,spaceship,,,09/10/2026 03:00
c2fc93d2-f3ae-4b94-b4dc-e30ed96e714d,medical.town,premium,118.8,118.8,high,low,7,namesilo,,,07/10/2026 21:30
668bd9f6-c3cb-43ed-8920-c07a1689edd3,health.wiki,premium,1446.97,1446.97,high,medium,6,porkbun,,,08/10/2026 18:28
d6405dba-5696-405e-ae94-11bb969bc40e,medical.parts,resell,,,high,low,7,"GoDaddy.com, LLC",18/09/2014 22:45,18/09/2027 22:45,07/10/2026 21:30
b17734d4-759a-4efc-ace2-6cd44c4323ff,healthcare.city,resell,,,high,low,10,"Chengdu West Dimension Digital Technology Co., Ltd.",19/12/2018 12:11,19/12/2029 12:11,09/10/2026 03:00
f7582abe-bbf3-4b63-a5df-01a9539abb93,medical.cards,premium,828.2,828.2,high,low,7,spaceship,,,07/10/2026 21:30
c2d16c47-a24a-4978-887d-89463bbaed52,healthcare.republican,premium,260,260,high,low,10,namecheap,,,09/10/2026 03:00
2eee2e26-1301-4a4b-a816-951e33975df3,health.pizza,resell,,,high,medium,6,"Spaceship, Inc.",31/05/2026 19:06,31/05/2027 19:06,08/10/2026 18:28
d7dc6e41-5cd7-400c-b562-cc856d52cb6a,medical.vana,available,2298,2498,high,low,7,namecheap,,,07/10/2026 21:30
1a981205-269b-48d2-a4c9-47badc30667a,healthcare.pw,resell,,,high,low,10,West263 International Limited,20/04/2023 03:49,20/04/2027 23:59,09/10/2026 03:00
3c04140e-aaab-4e3c-ba38-322f2c0ebba9,medical.archi,available,19.99,103.99,high,low,7,namesilo,,,07/10/2026 21:30
59825496-5344-4413-b835-15350f45912a,health.trading,resell,,,high,medium,6,"Spaceship, Inc.",04/05/2022 03:16,04/05/2027 03:16,08/10/2026 18:28
50a8ba44-c0f1-49a6-8aed-665316deead1,healthcare.cars,available,1863.2,2064.2,high,low,10,spaceship,,,09/10/2026 03:00
cd3f84df-a0c1-41a2-b0ef-58baee75d041,medical.mba,available,10.92,35.53,high,low,7,dynadot,,,07/10/2026 21:30
f885154e-5de7-42a8-8904-f25c1398bce9,medicine.family,premium,99.5,102.67,high,low,8,unstoppable,,,08/10/2026 08:17
52576488-97fb-46dd-878c-ffe05c943ddc,healthcare.gives,premium,78.54,78.54,high,low,10,namesilo,,,09/10/2026 03:00
7a573c18-637a-4429-91c4-c974dcc6edba,healthcare.limited,premium,78.54,78.54,high,low,10,namesilo,,,09/10/2026 03:00
5962dff9-42dd-491a-b6ad-d91e29e5e0c4,healthcare.codes,resell,,,high,low,10,"Sav.com, LLC - 35",30/09/2025 15:15,30/09/2027 15:15,09/10/2026 03:00
4995ada0-24e4-433c-99ce-bba5ef747017,medical.sale,premium,520,520,high,low,7,namecheap,,,07/10/2026 21:30
a00b77e2-9d1e-4281-9d44-229f79602e74,medical.trading,premium,414.2,414.2,high,low,7,spaceship,,,07/10/2026 21:30
b4a61703-50e3-4b8e-a227-32f2974db771,healthcare.porn,available,69.98,154.98,high,low,10,namecheap,,,09/10/2026 03:00
a2bc50b9-5f83-4b29-920f-435d0ad26c3a,healthcare.blackfriday,available,114.99,114.99,high,low,10,namesilo,,,09/10/2026 03:00
f302b891-6dba-4448-addd-c08fe501d91b,health.singles,available,3.31,27.11,high,medium,6,spaceship,,,08/10/2026 18:28
2b7a9588-af38-4b02-828e-8aac28b49279,healthcare.mortgage,premium,207.2,207.2,high,low,10,spaceship,,,09/10/2026 03:00
24041d0f-08ed-4600-aff7-eee84d7280fe,health.memorial,available,134.99,134.99,high,medium,6,namesilo,,,08/10/2026 18:28
324581fc-eba2-428b-a503-31c47367e363,medicine.dad,premium,257.92,257.92,high,low,8,spaceship,,,08/10/2026 08:17
a91b1747-1e32-4439-826e-b7bdcf611308,medical.pub,premium,1035.2,1035.2,high,low,7,spaceship,,,07/10/2026 21:30
73be0d36-dbf0-4322-97f2-fd0e3ffc4044,medical.gold,resell,,,high,low,7,"DNSPod, Inc.",12/06/2020 20:14,12/06/2027 20:14,07/10/2026 21:30
adc27552-2637-4992-a03e-a74ef7d7f637,medical.cyou,premium,155.45,310.7,high,low,7,spaceship,,,07/10/2026 21:30
d080bbcc-3f19-4d5d-9bac-603635f70c97,healthcare.country,available,2064.2,2064.2,high,low,10,spaceship,,,09/10/2026 03:00
729100f2-3a71-42f6-a8aa-811cf9a25c81,medical.cool,premium,512,512,high,low,7,namesilo,,,07/10/2026 21:30
71e80f39-11d6-4b73-b329-8a58a89bfab4,medical.vin,available,6.41,47.81,high,low,7,spaceship,,,07/10/2026 21:30
ea65702e-44ae-4db1-90bc-7f694cfba59b,healthcare.phd,premium,671.92,671.92,high,low,10,spaceship,,,09/10/2026 03:00
98506eb3-98b6-426a-9c2a-63a912521418,medical.fit,resell,,,high,low,7,Dominet (HK) Limited,17/02/2021 02:21,17/02/2031 02:21,07/10/2026 21:30
4a3fb1d9-c679-4198-9185-d4330c459a12,medical.tires,available,5.99,78.99,high,low,7,namesilo,,,07/10/2026 21:30
b1124a70-242e-4118-b577-8ba84a2dcfae,medical.dating,available,11.59,51.95,high,low,7,spaceship,,,07/10/2026 21:30
7f6a7c7c-1b5a-4205-98ae-6361234126d5,medicine.icu,premium,384,768,high,low,8,namesilo,,,08/10/2026 08:17
8ad9cda5-f9ea-4cb5-988f-0e4f3a3ebaf6,healthcare.tours,resell,,,high,low,10,Dynadot Inc,14/01/2026 15:28,14/01/2027 15:28,09/10/2026 03:00
4052ba70-903d-4812-9ba7-bf7fe07ba3a0,medical.win,premium,385,55,high,low,7,dynadot,,,07/10/2026 21:30
f9708182-fd79-4530-b165-b89890843ac6,medical.beer,available,2.19,32.49,high,low,7,namesilo,,,07/10/2026 21:30
89049d6f-43e1-4579-b834-109570c6af75,medical.gifts,premium,68.51,68.51,high,low,7,spaceship,,,07/10/2026 21:30
6a46c62d-057a-4a5a-9859-61be5960793e,medical.villas,premium,108.9,108.9,high,low,7,dynadot,,,07/10/2026 21:30
0be51a84-d727-4f85-8147-cab299a951f8,medical.review,premium,10350.2,103.7,high,low,7,spaceship,,,07/10/2026 21:30
a2f43a57-bff0-40b2-8b23-43070f14f953,medical.dealer,premium,4278,2660,high,low,7,namesilo,,,07/10/2026 21:30
125fca9e-b13f-4787-b32f-64915ab69164,healthcare.land,premium,118.8,118.8,high,low,10,namesilo,,,09/10/2026 03:00
cd2fd9fb-e8f8-473b-bddc-8d6321e72915,medical.poker,available,5.38,54.02,high,low,7,spaceship,,,07/10/2026 21:30
24f81ad3-fe99-4d79-b4d5-42b5ed4b7339,medicine.car,available,1999.99,2199,high,low,8,namesilo,,,08/10/2026 08:17
2549b546-d5ba-40c3-be07-6290156fa8d0,healthcare.fan,premium,102.67,102.67,high,low,10,spaceship,,,09/10/2026 03:00
a3c1f3ed-b062-4a2c-a8f3-61ad6d25438c,healthcare.xxx,available,95.2,95.2,high,low,10,cloudflare,,,09/10/2026 03:00
fca23d73-eeae-4f81-868c-17249a4c86b9,medical.reise,premium,118.8,118.8,high,low,7,namesilo,,,07/10/2026 21:30
ab12c144-b139-4352-a11c-a5b50f2f3a84,healthcare.toys,available,17.99,64.99,high,low,10,namesilo,,,09/10/2026 03:00
895f3379-9e22-4a8a-a457-87de592dc5ed,medical.wedding,available,26.08,26.08,high,low,7,spaceship,,,07/10/2026 21:30
e933c09e-c5ae-436a-9306-a07210dfdb39,medicine.bike,available,12,38.99,high,low,8,unstoppable,,,08/10/2026 08:17
7e8774d5-c12d-448c-a04b-fcdf1fc9c50f,medicine.sarl,available,5.38,5.38,high,low,8,spaceship,,,08/10/2026 08:17
413418e5-f18c-4826-9268-4a2a738c2c47,medicine.camera,available,45.2,45.2,high,low,8,cloudflare,,,08/10/2026 08:17
dbe4ff23-58ae-4ef6-951c-252f3d41749b,medicine.auction,available,3,30.18,high,low,8,dynadot,,,08/10/2026 08:17
163ba79d-68c4-493f-8412-b4a9467a9cd2,healthcare.lgbt,available,13.5,93.98,high,low,10,unstoppable,,,09/10/2026 03:00
2bbbdce3-5f9c-431b-b92d-4427adecc852,medicine.claims,available,10.55,51.95,high,low,8,spaceship,,,08/10/2026 08:17
f98d09ba-e8f2-4af5-bc37-91e83fc0921f,medical.soy,premium,299.2,309.67,high,low,7,unstoppable,,,07/10/2026 21:30
cc61cd04-d931-4ec7-b9e4-7db2a24fb47b,medical.hot,premium,116,116,high,low,7,namesilo,,,07/10/2026 21:30
ec96d911-195e-4c73-a556-04ca786270e8,medicine.green,premium,640,640,high,low,8,namesilo,,,08/10/2026 08:17
aa005f9e-4bd4-4cf6-80d6-760ed1bd2a2d,healthcare.solar,premium,440,440,high,low,10,dynadot,,,09/10/2026 03:00
8d407dae-e9e8-4468-863f-4e35d97d3791,healthcare.auto,available,1999.99,2199,high,low,10,namesilo,,,09/10/2026 03:00
42a0d3f4-48b6-4cd5-841a-d7d7efadc4ac,healthcare.support,premium,414.2,414.2,high,low,10,spaceship,,,09/10/2026 03:00
7f85a1e0-4935-47f1-967f-09b50e0e76b8,medical.adult,available,51.95,98.53,high,low,7,spaceship,,,07/10/2026 21:30
5c0db881-dbe5-4d0e-a639-14ff8f6776d2,healthcare.cooking,available,33.98,43.98,high,low,10,namecheap,,,09/10/2026 03:00
cd3f7e99-694b-43b2-a8f4-33bd26878d0b,medicine.kids,premium,328.02,20.18,high,low,8,porkbun,,,08/10/2026 08:17
097fcd45-9cc8-4208-94fa-2565e393202c,medicine.living,available,1.34,31.25,high,low,8,spaceship,,,08/10/2026 08:17
c94b1cb3-71ea-4f76-acff-052294674bd0,medical.paris,premium,309.46,309.46,high,low,7,dynadot,,,07/10/2026 21:30
0c8ee3d7-2404-45dc-8989-72ddd783a154,medicine.website,premium,517.7,1035.2,high,low,8,spaceship,,,08/10/2026 08:17
f57cad19-37b8-4788-9caf-1d2b0baef958,healthcare.free,premium,517.7,517.7,high,low,10,spaceship,,,09/10/2026 03:00
0a4a7107-f482-4731-9860-bf319e4c011f,medicine.construction,available,31.25,31.25,high,low,8,spaceship,,,08/10/2026 08:17
ff875701-d5be-4d47-ac07-f342e186b65d,medicine.so,available,68.98,,high,low,8,namecheap,,,
ccd6cf53-bd69-4a3e-b230-d4ba74679a9f,healthcare.army,premium,99.5,128.7,high,low,10,unstoppable,,,09/10/2026 03:00
791c668a-fd3f-404f-902b-ae9b4a0d2c83,medical.army,premium,99.5,102.67,high,low,7,unstoppable,,,07/10/2026 21:30
32445c97-0e86-4900-b152-46e6cc319ce5,medicine.blackfriday,available,103.7,103.7,high,low,8,spaceship,,,08/10/2026 08:17
e0f4fa86-c727-43a1-b0b2-16aa542a55a6,healthcare.tax,premium,200.5,207.2,high,low,10,unstoppable,,,09/10/2026 03:00
f119e2b2-20d9-4dbc-9499-ffb9eac93ae0,medical.store,premium,2587.7,10350.2,high,low,7,spaceship,,,07/10/2026 21:30
2fee86d3-57b2-4a97-ab1c-6162df50e6bc,medical.xxx,resell,154.98,,high,low,7,"GoDaddy.com, LLC",21/06/2026 09:06,21/06/2027 09:06,07/10/2026 21:30
942ccd74-80d5-49ba-a924-5a32231304fe,healthcare.storage,available,465.95,500.2,high,low,10,spaceship,,,09/10/2026 03:00
00f4be2b-9162-4487-86a3-4a9071b0261a,medicine.cam,resell,,,high,low,8,"Spaceship, Inc.",14/12/2016 10:00,14/12/2026 23:59,08/10/2026 08:17
535a685d-bb50-497e-8f6a-27a3428bd36a,medical.surgery,premium,414.2,414.2,high,low,7,spaceship,,,07/10/2026 21:30
d0439d3a-8ea3-4638-bb38-0433fde21f8f,medical.church,resell,,,high,low,7,"Name.com, Inc.",22/02/2019 22:05,22/02/2027 22:05,07/10/2026 21:30
5b06bb64-e2f8-4bc5-9ad8-7afa942b1bcb,medical.shoes,resell,,,high,low,7,Dynadot Inc,20/05/2019 10:07,20/05/2027 10:07,07/10/2026 21:30
d080f251-bb85-44da-9a7d-bf00a2b59a2b,medicine.tennis,available,51.95,51.95,high,low,8,spaceship,,,08/10/2026 08:17
3007feae-7b09-4e1d-ac4b-264eb9277bb8,medicine.lighting,available,18.83,18.83,high,low,8,spaceship,,,08/10/2026 08:17
f4852ef9-8a28-4fca-ab6b-b42deb45c667,medical.family,premium,71.4,71.4,high,low,7,namesilo,,,07/10/2026 21:30
0766c3b6-181c-4f86-9609-01b221af6cd2,healthcare.channel,premium,516.67,516.67,high,low,10,spaceship,,,09/10/2026 03:00
56426d2b-0f9f-45ea-b41c-2c3ad6a6065f,medicine.media,resell,,,high,low,8,"Chengdu West Dimension Digital Technology Co., Ltd.",24/02/2022 13:15,24/02/2027 13:15,08/10/2026 08:17
4e07ee4b-df4e-4e16-a73e-3c25ce5c82c5,healthcare.how,premium,185.47,185.47,high,low,10,spaceship,,,09/10/2026 03:00
d8ea8b69-dae7-4dce-b7dc-c60baa4585f4,medicine.tickets,available,326.21,388.33,high,low,8,spaceship,,,08/10/2026 08:17
46366984-cb00-4407-b4da-a1dcdf4aadb7,medical.bio,premium,1040,1040,high,low,7,namecheap,,,07/10/2026 21:30
967fc5e5-ffc7-403b-8c38-d38526d60870,medicine.bz,available,21.98,26.98,high,low,8,namecheap,,,08/10/2026 08:17
7ffd0587-8152-49d7-af6a-59570f742cd5,medicine.airforce,available,83,83,high,low,8,spaceship,,,08/10/2026 08:17
a139e4ed-55ac-43e1-bad5-3378956ac014,healthcare.soy,premium,309.67,309.67,high,low,10,spaceship,,,09/10/2026 03:00
cdc3d6e5-43e2-4535-930e-b407ec02f356,medicine.show,resell,,,high,low,8,Dynadot Inc,20/02/2018 17:16,20/02/2027 17:16,08/10/2026 08:17
5586b592-119b-40dd-be44-8b2449a82a50,medicine.repair,available,28.2,28.2,high,low,8,cloudflare,,,08/10/2026 08:17
f17a28b9-8e91-484f-afde-9740ced68c38,medical.diet,available,100.2,100.2,high,low,7,cloudflare,,,07/10/2026 21:30
352be49a-0d54-4fa9-b625-831cba467bb9,medicine.college,premium,2587.7,2587.7,high,low,8,spaceship,,,08/10/2026 08:17
fcd73725-2431-4213-b8a7-747d70173e10,medicine.cx,resell,26.98,,high,low,8,CentralNic Ltd,16/04/2026 23:22,16/04/2027 23:22,08/10/2026 08:17
8b1245d8-974b-44ee-9bcc-3d384745ca4f,healthcare.money,resell,,,high,low,10,"Spaceship, Inc.",11/03/2015 16:00,11/03/2027 16:00,09/10/2026 03:00
e18aad9a-0ece-4ef5-ad2f-f61a85b5de0c,healthcare.degree,premium,242,242,high,low,10,namesilo,,,09/10/2026 03:00
150a4b60-1438-46c3-aeab-bfd7f8cab019,medicine.contractors,available,40.98,44.48,high,low,8,namecheap,,,08/10/2026 08:17
a9295bd2-b2ea-42b8-a20b-d326c4d5f750,medical.gripe,available,5.38,5.38,high,low,7,spaceship,,,07/10/2026 21:30
65b12527-08af-408b-83ed-546963a16cb6,medicine.fit,resell,,,high,low,8,"Chengdu West Dimension Digital Technology Co., Ltd.",22/04/2021 01:32,22/04/2029 01:32,08/10/2026 08:17
69fd5ba4-60b6-4861-8c2e-00ea29314341,medicine.domains,available,10.92,48.37,high,low,8,dynadot,,,08/10/2026 08:17
316de11c-bf2e-4685-9e77-0be4c3546a44,medicine.org,resell,,,high,low,8,"Name.com, Inc.",17/10/2004 18:52,17/10/2027 18:52,08/10/2026 08:17
8ef15bfb-efa7-4965-8b99-85057f43f92b,healthcare.press,premium,640,640,high,low,10,namesilo,,,09/10/2026 03:00
57a62206-9551-47d6-a650-797816646c68,medicine.parts,available,8.78,35.53,high,low,8,dynadot,,,08/10/2026 08:17
b55aace9-bc02-4b02-be99-503835b1efc0,medicine.hamburg,available,69.98,73.98,high,low,8,namecheap,,,08/10/2026 08:17
37ea724c-5bef-4937-8e2a-09a8d19d814b,medicine.moda,available,32.2,32.2,high,low,8,cloudflare,,,08/10/2026 08:17
d0ff3b06-64d2-4b03-a3c3-7603c645366b,medicine.tips,resell,,,high,low,8,"Spaceship, Inc.",29/12/2020 22:14,29/12/2026 22:14,08/10/2026 08:17
c6375baa-a5bb-4b95-8a45-487f43836142,medical.ing,premium,1300.2,1345.7,high,low,7,unstoppable,,,07/10/2026 21:30
241338f0-c4ba-44b1-9631-75b322e073ac,medicine.christmas,available,1.24,31.16,high,low,8,spaceship,,,08/10/2026 08:17
ece90991-bac7-4a63-825a-8b38e9e6f833,medical.apartments,available,45.74,45.74,high,low,7,spaceship,,,07/10/2026 21:30
90a28f5a-cb2a-4488-ac6c-89815826292d,medicine.ngo,premium,650,325,high,low,8,namecheap,,,08/10/2026 08:17
729a2cb0-0ad1-4fee-957f-e40698725399,healthcare.tires,available,70.2,70.2,high,low,10,cloudflare,,,09/10/2026 03:00
b682314f-62b8-43a0-9e04-d56a9f1c27c8,medicine.bargains,available,13.14,23.94,high,low,8,spaceship,,,08/10/2026 08:17
837c78f4-37f8-4e9b-a321-6bdd1e71cc5d,medicine.foo,premium,129.2,167.7,high,low,8,unstoppable,,,08/10/2026 08:17
2dd5ee5d-689b-4f74-8358-37797c8a72b2,medicine.trading,available,16.2,16.2,high,low,8,cloudflare,,,08/10/2026 08:17
70d07875-1b21-488a-a2bf-65acbf15ea79,healthcare.style,available,30.2,30.2,high,low,10,cloudflare,,,09/10/2026 03:00
943ac4ce-c136-4284-8a73-dce81472cb38,medical.florist,available,31.98,41.98,high,low,7,namecheap,,,07/10/2026 21:30
a8e48b0c-5a61-48c8-b93b-9e5accdd4db7,healthcare.casino,available,6.98,213.98,high,low,10,namecheap,,,09/10/2026 03:00
a63fb560-c984-4407-895b-8aa2fe23c703,healthcare.trading,available,16.76,16.76,high,low,10,spaceship,,,09/10/2026 03:00
b2231124-0845-4bd3-a37f-c86d1fee9bdc,healthcare.holdings,resell,,,high,low,10,Dynadot Inc,29/11/2025 03:07,29/11/2026 03:07,09/10/2026 03:00
e9b4c666-4600-4e86-a17e-73cdfbbf6c0b,healthcare.ltda,premium,66.3,66.3,high,low,10,namecheap,,,09/10/2026 03:00
5a774322-e704-412b-bc35-f4f057509181,medical.club,premium,2500.5,17.7,high,low,7,unstoppable,,,07/10/2026 21:30
cfaa8652-ad78-495f-994e-e489e47f540d,medical.degree,premium,1035.2,1035.2,high,low,7,spaceship,,,07/10/2026 21:30
30c40dc4-22fe-4f61-9317-ef3a13ec9b37,healthcare.jewelry,available,51.95,51.95,high,low,10,spaceship,,,09/10/2026 03:00
d02eda73-185c-423f-beb1-969388d30829,healthcare.dentist,premium,414.2,414.2,high,low,10,spaceship,,,09/10/2026 03:00
bdc7e7ac-838d-4183-9b79-6cf89211eda8,healthcare.rent,resell,,,high,low,10,"GoDaddy.com, LLC",24/08/2026 16:59,24/08/2027 23:59,09/10/2026 03:00
39ed42fe-f51b-4362-986b-f1340f220343,medicine.cars,available,1863.2,2064.2,high,low,8,spaceship,,,08/10/2026 08:17
7a11c596-fcce-4ab0-a778-b2c8a4d5d1e2,healthcare.locker,premium,318.46,8.8,high,low,10,namesilo,,,09/10/2026 03:00
3415c4b6-5bb3-4aff-b9f3-09a324d781c0,healthcare.talk,premium,640,640,high,low,10,namesilo,,,09/10/2026 03:00
2f23136a-f07d-4a4b-a33a-23cd2f6d6555,healthcare.cool,premium,400.5,414.2,high,low,10,unstoppable,,,09/10/2026 03:00
1997b49f-b90f-4d37-9c27-748860c3a400,medicine.technology,resell,,,high,low,8,"Spaceship, Inc.",06/08/2026 17:00,06/08/2027 17:00,08/10/2026 08:17
34e822bc-df81-495a-9d5c-ee1db7532d99,medicine.host,premium,4140,4140,high,low,8,namesilo,,,08/10/2026 08:17
effd3192-4a62-4900-92d8-e5d40fda8423,healthcare.mba,available,10.55,31.25,high,low,10,spaceship,,,09/10/2026 03:00
8399f376-829b-4a52-a38c-2faa6f25544f,healthcare.villas,premium,68.51,68.51,high,low,10,spaceship,,,09/10/2026 03:00
2081891b-f819-4622-afdd-dd9f892e54a5,medical.wine,available,7.45,47.81,high,low,7,spaceship,,,07/10/2026 21:30
078469a4-4122-415c-bdd8-5c35ec246ae2,medical.moe,premium,96,14.16,high,low,7,namesilo,,,07/10/2026 21:30
44bcf6cd-1c76-4307-86e7-158a308621b5,medical.gay,premium,110,110,high,low,7,dynadot,,,07/10/2026 21:30
7986cff1-4b3c-495c-91f0-24e84360d10f,hospital.surgery,premium,512,512,high,low,8,namesilo,,,07/10/2026 16:31
ac58e497-01dc-4a99-b963-8fec6ea1d52d,medical.news,premium,517.7,1035.2,high,low,7,spaceship,,,07/10/2026 21:30
665d044b-e309-466a-8114-c7fc165b742f,medical.company,premium,207.2,207.2,high,low,7,spaceship,,,07/10/2026 21:30
7eba3256-a46a-48ea-b5ab-6bdeb58f4f0b,healthcare.florist,available,32.99,32.99,high,low,10,namesilo,,,09/10/2026 03:00
3cae0be3-7c3d-4a0e-a90c-9c3eccbc588b,medicine.photos,available,7.96,24.01,high,low,8,spaceship,,,08/10/2026 08:17
ef2d3b72-6b4c-415c-a62e-3a868c3c940c,medicine.surgery,premium,207.2,207.2,high,low,8,spaceship,,,08/10/2026 08:17
abe68056-6a35-497a-958c-5fa913cceb88,medical.diy,premium,640,640,high,low,7,namesilo,,,07/10/2026 21:30
7bdf9d3a-92bb-4348-9949-ec9eac8472e7,healthcare.events,resell,,,high,low,10,"GoDaddy.com, LLC",15/01/2023 22:34,15/01/2027 22:34,09/10/2026 03:00
b830d3fe-bf18-4ff7-a68a-0fd7e006eb44,medicine.camp,available,62.99,62.99,high,low,8,namesilo,,,08/10/2026 08:17
f900005a-c23e-4ef0-a605-73d0123968cd,medicine.toys,available,17,64.99,high,low,8,unstoppable,,,08/10/2026 08:17
94d51709-c97c-4fb4-88e2-0aebc784052c,medical.qpon,premium,3450,23.54,high,low,7,namesilo,,,07/10/2026 21:30
a1768bc6-7a52-466d-a841-1dffa1b544d5,healthcare.luxe,premium,854,17.7,high,low,10,namesilo,,,09/10/2026 03:00
e73199ab-ed24-45a3-aae2-bdbad2198dd8,healthcare.cruises,available,43.2,43.2,high,low,10,cloudflare,,,09/10/2026 03:00
ed4cb1e9-e57a-4835-9741-41ac39a00968,medical.shiksha,premium,780,780,high,low,7,namecheap,,,07/10/2026 21:30
fe80ccbb-83ff-422a-a413-f809ab0284bc,medical.rest,premium,3105,3105,high,low,7,namesilo,,,07/10/2026 21:30
3096d3ba-8f54-4cff-8df2-ad9d62bea6dc,healthcare.moi,available,27,25.99,high,low,10,unstoppable,,,09/10/2026 03:00
61f4a3c1-cb6d-4de2-afd0-88352bc27e9b,healthcare.limo,available,54.99,54.99,high,low,10,namesilo,,,09/10/2026 03:00
caaa9c56-1709-4fa4-800f-f9f43f701ea5,healthcare.shopping,premium,218.8,437.19,high,low,10,porkbun,,,09/10/2026 03:00
24a15c1a-b3c2-4452-8361-22d01bad28f4,healthcare.college,premium,242,242,high,low,10,namesilo,,,09/10/2026 03:00
f7e7493f-77f6-40a4-aa6b-88292fe4206a,medicine.protection,available,2070,2950,high,low,8,namecheap,,,08/10/2026 08:17
4a2025a0-7fc6-4fb1-a942-0c5cc37b6d36,medicine.kim,available,12.99,23.49,high,low,8,namesilo,,,08/10/2026 08:17
df8570cf-68cd-431d-b5d2-7c09c50482c7,medical.lifestyle,premium,550,550,high,low,7,dynadot,,,07/10/2026 21:30
92b44661-2875-418d-99ee-ab891038208e,healthcare.memorial,available,134.99,134.99,high,low,10,namesilo,,,09/10/2026 03:00
bda2f6de-093c-41bb-8e21-1f2aed8f34c2,healthcare.global,resell,,,high,low,10,"Chengdu West Dimension Digital Technology Co., Ltd.",25/11/2020 14:16,25/11/2030 14:16,09/10/2026 03:00
3f11699d-e705-4dcb-81d4-96f9d1d60c3c,medicine.london,premium,1373.27,34.33,high,low,8,namecheap,,,08/10/2026 08:17
a66b9ee4-7f1f-400f-bbbd-7e4913fbe621,medical.studio,premium,512,512,high,low,7,namesilo,,,07/10/2026 21:30
ef743aab-db0b-4254-99f0-58ace70d8619,medicine.gg,available,51.6,51.6,high,low,8,spaceship,,,08/10/2026 08:17
78dff979-d759-4505-ad2e-f897e007b237,healthcare.realty,available,109.99,299,high,low,10,namesilo,,,09/10/2026 03:00
8976123d-e153-45c6-a3d3-3c6d4bd22364,healthcare.blog,premium,517.7,2070.2,high,low,10,spaceship,,,09/10/2026 03:00
a4a681f7-f3ad-46fe-9043-f38d98455e25,healthcare.boo,premium,516.67,516.67,high,low,10,spaceship,,,09/10/2026 03:00
4772a7f8-b683-4607-bb8b-4cb47c2a5553,medical.solar,available,64.99,64.99,high,low,7,namesilo,,,07/10/2026 21:30
9f828083-260a-4f25-b4f1-dd3f0b477397,medical.video,premium,512,512,high,low,7,namesilo,,,07/10/2026 21:30
6970a3ed-4eee-4071-91f8-eaecbd036b54,medical.pictures,premium,260,260,high,low,7,namecheap,,,07/10/2026 21:30
06c4b069-e983-48d5-8df2-0d0c63d4491b,medical.vision,resell,,,high,low,7,"Sav.com, LLC",03/02/2023 01:41,03/02/2027 01:41,07/10/2026 21:30
6dae5be3-13e7-49ad-9a6b-5f232e456996,healthcare.condos,premium,102.67,102.67,high,low,10,spaceship,,,09/10/2026 03:00
2acd5aff-9ae9-4a4d-89b1-91ffca6ef564,medicine.florist,available,32.99,32.99,high,low,8,namesilo,,,08/10/2026 08:17
58fcb1e9-5eb9-4ff1-8cf8-5318e63ee0d7,medicine.run,resell,,,high,low,8,Dynadot Inc,02/09/2026 17:00,02/09/2027 17:00,08/10/2026 08:17
f81b1c29-4dd3-4d95-817a-3c5392d3aab2,medicine.life,resell,,,high,low,8,Xin Net Technology Corporation,01/02/2021 08:25,01/02/2027 08:25,08/10/2026 08:17
ce8531af-ab1d-4d50-ba41-f3477b88ee35,medicine.actor,available,34.2,34.2,high,low,8,cloudflare,,,08/10/2026 08:17
ed582733-c662-4336-863e-1f6ad353e5ac,medicine.estate,available,6.41,31.25,high,low,8,spaceship,,,08/10/2026 08:17
c075e3c9-258c-438a-9e06-195393f7f091,medicine.day,premium,249.2,257.92,high,low,8,unstoppable,,,08/10/2026 08:17
35daf859-8767-4a3e-8ccf-b06680ce8564,healthcare.church,resell,,,high,low,10,"GoDaddy.com, LLC",11/02/2023 06:51,11/02/2027 06:51,09/10/2026 03:00
90390501-a952-43b6-b62e-3aa6b9cf91a3,medical.nexus,premium,516.67,516.67,high,low,7,spaceship,,,07/10/2026 21:30
b0723e34-2d62-4750-ad74-ac645af34bdd,healthcare.soccer,available,25.99,25.99,high,low,10,namesilo,,,09/10/2026 03:00
1e37c2fc-93a9-4398-b650-6bcc7d86661c,medical.ooo,premium,8569.8,119.99,high,low,7,namesilo,,,07/10/2026 21:30
b30ac80a-b409-4e97-857b-26a091b6e9ce,medicine.engineering,available,16,51.95,high,low,8,unstoppable,,,08/10/2026 08:17
6862cccc-e14f-4303-9486-b941146578a0,medicine.rich,available,94.99,1999,high,low,8,namesilo,,,08/10/2026 08:17
cad6537f-41d1-432f-b001-f9032b7949e4,medicine.dentist,premium,414.2,414.2,high,low,8,spaceship,,,08/10/2026 08:17
8d949665-31e0-4749-b847-eccc1b3f2a33,medical.blog,premium,640,2660,high,low,7,namesilo,,,07/10/2026 21:30
766d2d3a-720b-4ce1-91e0-9f5a9f41a778,medicine.accountants,available,117.99,117.99,high,low,8,namesilo,,,08/10/2026 08:17
0f41eb6d-bc97-4e5a-90bc-ad442b992a90,medicine.wiki,premium,275,275,high,low,8,dynadot,,,08/10/2026 08:17
b2ef5793-019b-43ad-a642-1aa40dcc5b7e,care.dog,premium,512,512,high,medium,4,namesilo,,,25/09/2026 13:42
af98a278-a361-414e-8854-d44a10738c33,medicine.men,premium,448,53.92,high,low,8,namesilo,,,08/10/2026 08:17
33fc901b-d22d-4f6f-be1e-27eb3e7054d4,medical.airforce,available,95.45,95.45,high,low,7,dynadot,,,07/10/2026 21:30
f13ad4ac-71b1-42a1-b14f-c83237de642c,medical.management,resell,,,high,low,7,Dynadot Inc,07/01/2023 15:15,07/01/2027 15:15,07/10/2026 21:30
e5ca4cd2-e962-4a56-8b91-a694fb45a68a,medicine.berlin,available,54,54,high,low,8,dynadot,,,08/10/2026 08:17
804ea8af-b1b9-48f7-8c59-2d0d053f07be,medicine.club,premium,3450,17.7,high,low,8,namesilo,,,08/10/2026 08:17
669d403c-6ad6-4457-9e25-abf0840197d3,medical.observer,premium,828.2,828.2,high,low,7,spaceship,,,07/10/2026 21:30
1c4f6d10-ce7d-4319-b555-d656dd793035,healthcare.schule,available,33.98,37.98,high,low,10,namecheap,,,09/10/2026 03:00
d04cbc6f-b4f3-4f02-8048-31fbe200a2b5,medical.fm,available,85,85,high,low,7,cloudflare,,,07/10/2026 21:30
5a33141f-0726-463b-9427-d3e767650694,medical.vip,resell,,,high,low,7,Go France Domains Inc,23/01/2021 00:11,23/01/2027 00:11,07/10/2026 21:30
430e1b34-389f-45db-b935-7ba5be26154f,healthcare.restaurant,available,20.99,64.99,high,low,10,namesilo,,,09/10/2026 03:00
f8e33436-f82e-46df-9ea6-811342f2d1da,medicine.viajes,available,77.75,77.75,high,low,8,porkbun,,,08/10/2026 08:17
80523460-6324-402c-a28f-cd02da509241,healthcare.mov,premium,61.27,61.27,high,low,10,spaceship,,,09/10/2026 03:00
58a297ca-e538-497e-9869-8102d5e3429e,healthcare.pizza,available,50.2,50.2,high,low,10,cloudflare,,,09/10/2026 03:00
7b508518-79f1-4108-b82e-6cc9f11331b7,medicine.gay,premium,53.92,53.92,high,low,8,namesilo,,,08/10/2026 08:17
9ea934b3-b3a2-4b67-9ec1-92c6c78a3bb4,healthcare.tv,resell,,,high,low,10,Dynadot Inc,08/12/2018 09:02,08/12/2026 09:02,09/10/2026 03:00
ef13121c-7c15-4347-ab13-7b73c0c82c10,medical.spot,premium,103.7,103.7,high,low,7,spaceship,,,07/10/2026 21:30
4ad5a09e-60aa-4140-b763-3356908fee78,medical.webcam,premium,116,29.5,high,low,7,namesilo,,,07/10/2026 21:30
dec58886-07e8-4866-98b2-2377bc8faacc,healthcare.vacations,premium,242,242,high,low,10,namesilo,,,09/10/2026 03:00
52c368e0-4342-4cc6-9dbe-68feb52c234d,treatment.health,premium,6500,78,high,low,9,namecheap,,,02/10/2026 12:28
84982155-df62-4b6b-a269-d78d1727d83a,medical.dad,premium,516.67,516.67,high,low,7,spaceship,,,07/10/2026 21:30
31bd85f5-e31f-4e02-8f73-2e356a3be26a,medicine.sydney,premium,451.84,451.84,high,low,8,namecheap,,,08/10/2026 08:17
8f823431-adae-438f-a8a2-bc852d6d3268,healthcare.clinic,resell,,,high,low,10,"Spaceship, Inc.",26/08/2015 16:00,26/08/2027 16:00,09/10/2026 03:00
0e8a148a-d136-4b41-acac-7d02a5eda660,healthcare.pics,resell,,,high,low,10,"Spaceship, Inc.",14/02/2026 09:31,14/02/2027 23:59,09/10/2026 03:00
cdf15444-9a54-4077-9514-b0229d6ef26a,medical.host,premium,4140,4140,high,low,7,namesilo,,,07/10/2026 21:30
b366033e-d852-4391-8394-20f8da5cc656,medical.best,resell,,,high,low,7,"Spaceship, Inc.",05/12/2020 15:06,05/12/2026 23:59,07/10/2026 21:30
3eccec80-9870-4bf4-a630-4f787fcc4a9f,medical.institute,premium,520,520,high,low,7,namecheap,,,07/10/2026 21:30
f6a6f209-dfbb-490d-bd7b-fedeabd82ef8,medicine.esq,premium,329.2,340.72,high,low,8,unstoppable,,,08/10/2026 08:17
2597f11e-81ae-49c8-9b6b-22003c58cc65,medical.bayern,available,34.99,34.99,high,low,7,namesilo,,,07/10/2026 21:30
33572c42-ee5d-4c12-8357-f8dc426ee301,healthcare.fail,premium,68.51,68.51,high,low,10,spaceship,,,09/10/2026 03:00
00f7c208-42b9-486c-8f28-fb4876533765,medical.hiphop,available,23.99,23.99,high,low,7,namesilo,,,07/10/2026 21:30
523dfde7-41fc-4364-bd73-58b9d12171d6,healthcare.stream,resell,,,high,low,10,"Spaceship, Inc.",28/04/2026 01:45,28/04/2027 01:45,09/10/2026 03:00
e29a4d9f-676b-4f00-b33a-6ebe6f01fe96,healthcare.bingo,available,41.2,41.2,high,low,10,cloudflare,,,09/10/2026 03:00
8acaedf7-b093-441d-89a4-81638a9d52ae,medicine.my,resell,,,high,low,8,Porkbun LLC,01/08/2024 08:42,01/08/2027 08:42,08/10/2026 08:17
ac55f306-73c4-4932-a64b-b1a40dd17a2f,healthcare.computer,premium,99.5,118.8,high,low,10,unstoppable,,,09/10/2026 03:00
547a2905-73cc-42cc-bb17-eb46903da301,medical.study,premium,1100,1100,high,low,7,dynadot,,,07/10/2026 21:30
a92a0a1a-bed9-4ed7-bcec-b9b08e454ba4,medicine.barcelona,available,25.04,25.04,high,low,8,spaceship,,,08/10/2026 08:17
959ad154-a03b-412a-a65f-f1489a32e4ec,healthcare.bid,resell,,,high,low,10,"NameSilo, LLC",13/08/2019 13:59,13/08/2027 13:59,09/10/2026 03:00
e7d3a788-3d06-48c2-bf78-e8862bc61700,medical.glass,available,56.2,56.2,high,low,7,cloudflare,,,07/10/2026 21:30
c451b6df-fb1f-4fdc-8d44-8b96b8165cf8,healthcare.sexy,available,2587.7,2587.7,high,low,10,spaceship,,,09/10/2026 03:00
de29f84e-b086-445f-8637-d92a5c436d48,hospital.science,premium,3250,130,high,low,8,namecheap,,,07/10/2026 16:31
ddf3f53e-fd75-4711-a75a-7a9ec51f7735,healthcare.actor,available,16.99,44.49,high,low,10,namesilo,,,09/10/2026 03:00
9631940a-7af7-4a3f-a2d4-bbbd1171a1c1,hospital.icu,resell,,,high,low,8,Porkbun LLC,25/12/2021 18:19,25/12/2032 23:59,07/10/2026 16:31
0afc51ba-d1e4-4147-961b-fc1966a2f1f3,medicine.gift,available,14.99,14.99,high,low,8,namesilo,,,08/10/2026 08:17
27bed8f2-dd00-4758-bc46-b1deff585c81,medicine.faith,available,11.99,11.99,high,low,8,namesilo,,,08/10/2026 08:17
a5a70dbc-5763-4347-9019-29be4683e514,medicine.you,premium,103.7,103.7,high,low,8,spaceship,,,08/10/2026 08:17
2094464f-4ec7-4433-b095-9faebcf2ae33,medical.tienda,available,59.99,59.99,high,low,7,namesilo,,,07/10/2026 21:30
a4b21694-3723-4970-afbb-f13df3e589e7,medical.photo,premium,103.7,103.7,high,low,7,spaceship,,,07/10/2026 21:30
e71915fa-ef55-4bf0-be29-c59417be371c,medicine.rehab,premium,1035.2,1035.2,high,low,8,spaceship,,,08/10/2026 08:17
3ffea47e-8a8f-473e-b48d-b76804b1fed7,healthcare.airforce,available,83,83,high,low,10,spaceship,,,09/10/2026 03:00
aa70f704-4efb-439a-b654-7d43e9d22323,care.help,resell,,,high,medium,4,"Key-Systems, LLC",24/11/2017 11:53,24/11/2028 23:59,26/09/2026 04:46
ef365dcf-f224-4c4b-8fc0-bb3057219b4e,medicine.shiksha,premium,4140.2,4140.2,high,low,8,spaceship,,,08/10/2026 08:17
719b2bfb-e1fa-476a-a3a1-3d75aaaa2382,medicine.limo,available,43.67,43.67,high,low,8,spaceship,,,08/10/2026 08:17
b4f9e6d3-e8c3-450f-88e7-3dca10097203,care.dad,premium,648.7,648.7,high,medium,4,namecheap,,,25/09/2026 13:42
3eef2cd5-5119-4ad7-a0a2-b66306034e06,medical.stream,premium,3450,116,high,low,7,namesilo,,,07/10/2026 21:30
88fdd082-509c-483b-85b0-0d362b65e49e,medical.cheap,premium,242,242,high,low,7,namesilo,,,07/10/2026 21:30
dd24a5f4-48de-4e97-bc03-b1c34189fc61,healthcare.car,available,1999.99,2199,high,low,10,namesilo,,,09/10/2026 03:00
ac835f6f-48c1-4079-aa1d-0ecfced48dad,medical.blackfriday,available,107.22,107.22,high,low,7,dynadot,,,07/10/2026 21:30
619518d4-121e-4cbb-b480-2057b55002ad,medicine.ceo,premium,439.12,439.12,high,low,8,dynadot,,,08/10/2026 08:17
7557482b-776b-4b79-ae05-c30e3d686125,hospital.fit,resell,,,high,low,8,"Spaceship, Inc.",24/07/2026 14:39,24/07/2027 14:39,07/10/2026 16:31
5ec87e44-ec21-43ff-aa0e-79f337b2e7fe,medical.enterprises,premium,207.2,207.2,high,low,7,spaceship,,,07/10/2026 21:30
584098fb-c9cd-4681-823e-5768f0a7863f,hospital.online,premium,6900,6900,high,low,8,namesilo,,,07/10/2026 16:31
f947784c-ae3e-4831-8984-69b7fa1b85a0,medicine.cloud,resell,,,high,low,8,GoDaddy,16/02/2016 15:00,16/02/2027 15:00,08/10/2026 08:17
13e893e4-175a-4e35-8a12-781bc8b38779,medicine.credit,available,9.48,146.98,high,low,8,namecheap,,,08/10/2026 08:17
96bf7da5-2d54-4f5e-a684-5f8deebc49cf,medical.bargains,premium,118.8,118.8,high,low,7,namesilo,,,07/10/2026 21:30
4ae9a1f5-cff3-4af9-8ba4-3e2354923ff0,medical.sh,resell,59.99,99,high,low,7,Dynadot Inc,27/06/2026 08:36,27/06/2027 08:36,07/10/2026 21:30
298baad4-f07a-408e-82e8-9b0fbcd8ed6f,medical.style,premium,66.5,78.54,high,low,7,unstoppable,,,07/10/2026 21:30
2e4a9ce0-7f4c-426f-a7f6-063febf5c693,medical.cruises,available,56.99,56.99,high,low,7,namesilo,,,07/10/2026 21:30
92e2ec20-7830-4893-92d4-6503d9ada5d0,medical.casino,available,125.2,125.2,high,low,7,cloudflare,,,07/10/2026 21:30
d624fca7-ea68-4257-b737-68c8e55a106f,medicine.diamonds,available,54.99,54.99,high,low,8,namesilo,,,08/10/2026 08:17
8f7e1054-dede-412d-903d-d47c31a373a2,healthcare.flowers,available,100,100,high,low,10,cloudflare,,,09/10/2026 03:00
f7c37b58-0c31-4856-9826-3268ac400110,hospital.nexus,premium,133.72,133.72,high,low,8,spaceship,,,07/10/2026 16:31
e70bf411-500c-4665-8d69-cf1ba7d5afd5,medicine.photo,premium,103.7,103.7,high,low,8,spaceship,,,08/10/2026 08:17
89d69ccf-9274-4043-a3d5-f01cf6feff43,medicine.law,resell,,,high,low,8,"GoDaddy.com, LLC",14/08/2020 08:58,14/08/2027 08:58,08/10/2026 08:17
4bc25824-901a-470c-aedd-671a1a7b4a6c,medicine.tours,available,5.38,49.88,high,low,8,spaceship,,,08/10/2026 08:17
57e05d60-0b88-4344-ab93-db171287af54,healthcare.rich,available,94.99,1999,high,low,10,namesilo,,,09/10/2026 03:00
09b0f38d-7ea3-4833-8dc9-e392af58680d,hospital.country,available,2064.2,2064.2,high,low,8,spaceship,,,07/10/2026 16:31
3b8862f6-7780-4e9d-89d8-e40493536240,medicine.observer,premium,10.55,10.55,high,low,8,spaceship,,,08/10/2026 08:17
0d31ae8f-b4eb-4dce-ba37-66634fe801e3,hospital.study,premium,51.95,51.95,high,low,8,spaceship,,,07/10/2026 16:31
b34993af-d683-4c36-80ae-604e8b88eac2,medical.fast,premium,51.95,51.95,high,low,7,spaceship,,,07/10/2026 21:30
0b0dd3f7-2e68-4b70-9d35-733d9ce6a68a,healthcare.fishing,premium,41.6,26.08,high,low,10,spaceship,,,09/10/2026 03:00
8f489d78-dca0-4f90-acbd-80e098b29e41,healthcare.love,premium,5520,5520,high,low,10,namesilo,,,09/10/2026 03:00
47ad0669-123e-42a5-b57a-b6af2806ba70,medicine.storage,available,500.2,500.2,high,low,8,cloudflare,,,08/10/2026 08:17
cbf95230-49bc-4056-aed4-aec1bea42c2e,medical.catering,premium,118.8,118.8,high,low,7,namesilo,,,07/10/2026 21:30
96ef4578-9be5-4061-95bc-503e766a9c4b,medicine.pw,premium,3450,3450,high,low,8,namesilo,,,08/10/2026 08:17
958eec22-a8f7-42e8-93ed-c28d2119e029,medical.salon,premium,102.67,102.67,high,low,7,spaceship,,,07/10/2026 21:30
df5768cf-6797-4bed-94d6-53bba247ee47,healthcare.yoga,resell,,,high,low,10,"GoDaddy.com, LLC",26/08/2020 18:45,26/08/2027 18:45,09/10/2026 03:00
5692b896-1530-471a-8450-e65fa677b0b0,medicine.jewelry,available,51.95,51.95,high,low,8,spaceship,,,08/10/2026 08:17
eaee10b8-5d66-40ed-8551-d5cade605eea,healthcare.ryukyu,available,17.98,22.98,high,low,10,namecheap,,,09/10/2026 03:00
8afb0825-e42f-49e0-a1c2-a0ec1b265255,hospital.consulting,premium,64.35,128.7,high,low,8,namecheap,,,07/10/2026 16:31
3fd40824-d602-4361-97a4-fb7f098bf7be,hospital.tienda,available,47.81,47.81,high,low,8,spaceship,,,07/10/2026 16:31
35fff318-1e17-4b2d-a9ed-c34b959ba0f7,hospital.life,resell,,,high,low,8,"Spaceship, Inc.",17/01/2023 15:15,17/01/2027 15:15,07/10/2026 16:31
03774028-e4b9-4d30-95fc-d2cee690c2c8,hospital.cab,available,32.99,32.99,high,low,8,namesilo,,,07/10/2026 16:31
d6074029-93ea-456a-b36d-8725e6522fb7,medicine.style,available,16.99,38.99,high,low,8,namesilo,,,08/10/2026 08:17
31e9d6a1-5a4c-49ce-942f-32ea40b0d1eb,care.diet,premium,2600,2600,high,medium,4,namecheap,,,25/09/2026 13:42
a34d2320-9fa7-4486-85bf-a8ac6d913273,healthcare.golf,available,50.2,50.2,high,low,10,cloudflare,,,09/10/2026 03:00
9632b65b-3c98-43e8-9458-f730f897fbe0,care.republican,available,7.49,28.99,high,medium,4,namesilo,,,25/09/2026 13:42
d91927fd-f692-40e0-866e-3f282b1857ac,medicine.vodka,premium,96,29.5,high,low,8,namesilo,,,08/10/2026 08:17
47cc7a3a-45b1-46b1-bcaf-d7bdc34a6d56,medical.luxury,available,26,26,high,low,7,spaceship,,,07/10/2026 21:30
83bb375d-8795-4c34-ba7d-97969094063f,medicine.rodeo,available,10.2,10.2,high,low,8,cloudflare,,,08/10/2026 08:17
2e832461-92f5-4e51-8ab6-ae44431bacea,healthcare.voting,available,1398,1448,high,low,10,namecheap,,,09/10/2026 03:00
afac10f0-9f23-49c5-b8ff-69521bdea5b2,medical.voto,available,10.55,55.93,high,low,7,spaceship,,,07/10/2026 21:30
48b577ed-528e-403c-b5fe-8f0455e6f6a3,medicine.forsale,premium,102.67,102.67,high,low,8,spaceship,,,08/10/2026 08:17
3f546f93-7e7d-4abb-942e-2543e4b362f4,care.icu,premium,384,768,high,medium,4,namesilo,,,25/09/2026 13:42
deb1f022-7de5-4e85-80c5-6836f5719b60,hospital.build,premium,1552.7,1552.7,high,low,8,spaceship,,,07/10/2026 16:31
7104a481-f28f-45d1-b751-99df7150898e,medical.channel,premium,516.67,516.67,high,low,7,spaceship,,,07/10/2026 21:30
4bcad46b-bdbe-4e78-9836-c5562c70bf1b,medicine.broker,available,10.55,29.18,high,low,8,spaceship,,,08/10/2026 08:17
bb3d8a6e-1865-4205-a0ed-577dac24765b,medicine.tires,available,72.44,72.44,high,low,8,spaceship,,,08/10/2026 08:17
8948a03e-5ebb-4518-bb51-c29189e3b1f0,hospital.sarl,available,6.99,6.99,high,low,8,namesilo,,,07/10/2026 16:31
ac593f87-b4d6-4f0b-9852-ef9e2fcda264,medical.vodka,available,32.49,32.49,high,low,7,namesilo,,,07/10/2026 21:30
298edd54-76ab-431a-86c4-e56088b7a316,medicine.consulting,resell,,,high,low,8,"Sav.com, LLC - 31",04/09/2022 13:15,04/09/2027 13:15,08/10/2026 08:17
4b6e5121-3a61-4714-a726-ff77df7d628c,hospital.cyou,premium,68.43,147.2,high,low,8,namesilo,,,07/10/2026 16:31
1c54ddae-ad42-44de-b287-1354951263d6,medicine.meme,premium,164.27,164.27,high,low,8,porkbun,,,08/10/2026 08:17
e9a3d150-c64a-4ac0-8bb9-9da3efb08481,hospital.wine,available,9.99,59.99,high,low,8,namesilo,,,07/10/2026 16:31
65511ff2-8b6e-4eb4-810a-bdf646be1a0e,hospital.social,premium,68.51,68.51,high,low,8,spaceship,,,07/10/2026 16:31
ede358f5-5f3f-4f35-bf49-ccdda0d92d4f,medical.fishing,premium,47.2,29.5,high,low,7,namesilo,,,07/10/2026 21:30
f7fc3e16-24b6-42c8-9333-bc5aba5316f5,healthcare.dog,premium,414.2,414.2,high,low,10,spaceship,,,09/10/2026 03:00
f2b598f1-8efc-4ad7-a289-7b8245a85f8c,healthcare.foundation,premium,207.2,207.2,high,low,10,spaceship,,,09/10/2026 03:00
30600521-9a69-4dd8-abd8-cdbed8aca65e,hospital.rest,premium,3105,3105,high,low,8,namesilo,,,07/10/2026 16:31
43d16656-6536-4001-8f65-9624656707be,healthcare.systems,premium,414.2,414.2,high,low,10,spaceship,,,09/10/2026 03:00
e5525ed7-f2cb-419e-ae07-d79a2577dc09,care.audio,premium,2660,2660,high,medium,4,namesilo,,,25/09/2026 13:42
4a1a4f12-7cdf-4e04-aceb-86cdb0e334bb,treatment.care,premium,512,512,high,low,9,namesilo,,,02/10/2026 12:28
79877f59-79f2-4072-907f-96c03b723408,hospital.so,resell,,,high,low,8,Dynadot LLC,09/03/2022 15:27,09/03/2026 15:27,
ec511ba4-5470-4d32-9360-6c9141efe77f,care.group,resell,,,high,medium,4,"Sav.com, LLC",10/06/2016 20:48,10/06/2027 20:48,26/09/2026 04:46
668bb3be-31eb-4086-8cbd-82274d0b9839,treatment.cloud,premium,165.8,207.2,high,low,9,spaceship,,,02/10/2026 12:28
1a8c8768-d9c5-4e1c-aa49-76891a1b6d0a,hospital.claims,premium,512,512,high,low,8,namesilo,,,07/10/2026 16:31
7ac63ca5-d65a-42ea-9688-ad0cda81817c,medical.srl,premium,50.6,28.04,high,low,7,dynadot,,,07/10/2026 21:30
2e97029e-756e-4fd9-8347-ae7557075b76,medical.ryukyu,available,17.98,22.98,high,low,7,namecheap,,,07/10/2026 21:30
fba4549d-cca7-47fd-8c2f-f7f01e82712a,care.talk,premium,302.5,302.5,high,medium,4,namesilo,,,25/09/2026 13:42
cf45a6b0-e8c3-4322-9d90-b5d193b3218f,healthcare.fund,premium,512,512,high,low,10,namesilo,,,09/10/2026 03:00
ee217b81-fe7d-4883-8f85-54ddb3740775,medical.discount,premium,109.53,218.86,high,low,7,porkbun,,,07/10/2026 21:30
ebaf63a4-c9d2-4a63-b1cb-5bd549975c90,healthcare.irish,available,5.57,20.55,high,low,10,dynadot,,,09/10/2026 03:00
e49a496f-2ee1-4b40-bc6a-afcc6071a6fc,medicine.srl,premium,50.6,28.04,high,low,8,dynadot,,,08/10/2026 08:17
36e9d020-3788-42d0-b39c-77a61f75c7e1,hospital.tax,premium,54.36,108.6,high,low,8,porkbun,,,07/10/2026 16:31
31e10ee8-c2ed-49f4-aca0-b10fd988a23a,medical.uno,premium,5175.2,5175.2,high,low,7,spaceship,,,07/10/2026 21:30
a9faa8bb-371f-441b-a53d-6a3070fdaf2a,healthcare.prof,premium,671.92,671.92,high,low,10,spaceship,,,09/10/2026 03:00
d8da8f24-0c21-4606-a98d-4e8c1eca5e30,hospital.foundation,premium,102.67,102.67,high,low,8,spaceship,,,07/10/2026 16:31
1a4ad854-66ea-4fec-ad4e-da739c46953c,hospital.hockey,available,59.99,59.99,high,low,8,namesilo,,,07/10/2026 16:31
31fdf6f7-378f-4538-80d6-7d50e1a95a57,healthcare.tattoo,available,2,32.32,high,low,10,dynadot,,,09/10/2026 03:00
40ae2619-0e19-409b-9bf6-58b5251bb16d,hospital.coupons,available,5.99,54.99,high,low,8,namesilo,,,07/10/2026 16:31
30c26604-2065-4c0d-a256-da0cd0b96f54,medical.gift,premium,132,132,high,low,7,dynadot,,,07/10/2026 21:30
43d24c8b-7ef2-460e-841b-bb4bf703d029,medical.organic,available,17,85.99,high,low,7,unstoppable,,,07/10/2026 21:30
8a09d825-ec8a-40c5-aa10-901005e80ca4,treatment.dog,available,7.49,64.99,high,low,9,namesilo,,,02/10/2026 12:28
6f83ad48-8c00-441e-acf0-8b1629f5de2f,medical.clinic,resell,,,high,low,7,Dynadot Inc,26/08/2015 17:31,26/08/2027 17:31,07/10/2026 21:30
127e2b46-367f-403d-96fc-2c7660fa7a4f,medical.hamburg,available,69.98,73.98,high,low,7,namecheap,,,07/10/2026 21:30
3c368768-4c74-4903-aaef-2baccd0f7f1a,medicine.reisen,available,24.48,32.48,high,low,8,namecheap,,,08/10/2026 08:17
0af2225b-23ea-4ada-b0e0-0de23a34933d,hospital.blackfriday,available,103.7,103.7,high,low,8,spaceship,,,07/10/2026 16:31
e614ddb2-c766-48f7-87dd-6c6427575e03,hospital.biz,premium,5000.5,21.24,high,low,8,unstoppable,,,07/10/2026 16:31
7207a1ce-f967-4581-8472-e961e4d09d05,hospital.industries,premium,102.67,102.67,high,low,8,spaceship,,,07/10/2026 16:31
832c27fb-b8eb-423c-9686-28b7e0b15466,healthcare.living,premium,362.45,517.7,high,low,10,spaceship,,,09/10/2026 03:00
ec25ac6a-7140-404e-8fcc-d334c9cf8a12,medicine.market,premium,242,242,high,low,8,namesilo,,,08/10/2026 08:17
7840f14d-0d17-4561-b904-e264bb37fba2,hospital.lgbt,available,14.99,79.99,high,low,8,namesilo,,,07/10/2026 16:31
9a5f31dc-94a3-4d42-8ff9-ef7201b278b6,medical.boston,premium,242,21.24,high,low,7,namesilo,,,07/10/2026 21:30
3e77fcbe-e1df-403a-bd95-683195962d23,healthcare.space,premium,1293.95,5175.2,high,low,10,spaceship,,,09/10/2026 03:00
c85b8764-5f89-4f2e-816e-359fde8e3c73,care.pictures,available,15.49,15.49,high,medium,4,namesilo,,,25/09/2026 13:42
853ad49a-c950-4460-bff1-3a861d75f915,medical.actor,available,9.48,61.48,high,low,7,namecheap,,,07/10/2026 21:30
d19f1da6-f4d7-4a1c-8692-4c02d830fc21,healthcare.kim,available,12.99,23.49,high,low,10,namesilo,,,09/10/2026 03:00
62726bcb-2ceb-4111-85a5-53601dd1cf10,medical.bet,resell,,,high,low,7,"GoDaddy.com, LLC",07/08/2023 04:25,07/08/2027 04:25,07/10/2026 21:30
30285a9b-c716-4873-8bb2-fdf19e6ad42f,care.website,premium,650,1300,high,medium,4,namecheap,,,25/09/2026 13:42
ebd707f3-2020-4085-ae3e-c2ad3109ae95,medicine.now,premium,1107,1107,high,low,8,namesilo,,,08/10/2026 08:17
a9bf2773-2d3c-4bbd-8926-8ca0dd4e6946,hospital.forsale,premium,118.8,118.8,high,low,8,namesilo,,,07/10/2026 16:31
bc245649-85f8-4bbf-b8a7-c650cc1d6a82,healthcare.shop,premium,2587.7,2587.7,high,low,10,spaceship,,,09/10/2026 03:00
55f8d7ac-f6fa-4e93-839b-d11f3e2f9432,medical.ngo,premium,65,32.5,high,low,7,namecheap,,,07/10/2026 21:30
70c8f372-3f84-40e7-b713-4c8c7f82267d,medicine.fail,available,8.24,34.5,high,low,8,porkbun,,,08/10/2026 08:17
c501956a-539c-4abf-a2d1-fde04c5a2f1d,healthcare.tickets,available,401.47,401.47,high,low,10,dynadot,,,09/10/2026 03:00
d1d05d47-0d17-4b94-9a85-43aaf6e5809b,medicine.hockey,available,59.99,59.99,high,low,8,namesilo,,,08/10/2026 08:17
37526d09-7403-446f-b6f3-d83890f24443,medicine.voyage,available,46.78,46.78,high,low,8,spaceship,,,08/10/2026 08:17
9d0cbd83-b504-4141-bc72-edde2f888493,treatment.fit,premium,41.6,26.08,high,low,9,spaceship,,,02/10/2026 12:28
390cca91-2689-42ee-94c5-0803f2a74bc5,medical.media,resell,,,high,low,7,"NameCheap, Inc.",07/06/2026 15:15,07/06/2027 15:15,07/10/2026 21:30
daf71455-d90c-4fbd-bd54-ca465b97fb0e,care.viajes,available,37.99,37.99,high,medium,4,namesilo,,,25/09/2026 13:42
3c3fd8e9-6e5d-455c-8c36-067f1ac00017,healthcare.live,premium,1293.95,2587.7,high,low,10,spaceship,,,09/10/2026 03:00
9aa40b95-bef2-4a0d-80dd-a6c1fcc3fffa,healthcare.luxury,premium,2200,2200,high,low,10,dynadot,,,09/10/2026 03:00
5df034dd-ca94-46ad-baf5-771e95d5b247,healthcare.green,premium,128.7,128.7,high,low,10,namecheap,,,09/10/2026 03:00
e7df87ec-2117-477d-95f8-284d8069bc85,hospital.website,premium,1107,1107,high,low,8,namesilo,,,07/10/2026 16:31
2d62d262-ac11-4f51-b2d6-14db708ebb19,medicine.creditcard,available,144.99,144.99,high,low,8,namesilo,,,08/10/2026 08:17
c92ff8fb-8c9c-4d1e-9cf8-c88397210f75,medicine.loan,premium,1035.2,103.7,high,low,8,spaceship,,,08/10/2026 08:17
edbac19d-91ea-448d-b662-fce49a7d87e8,hospital.exposed,premium,242,242,high,low,8,namesilo,,,07/10/2026 16:31
49d22641-0f0f-4c1a-9f18-a3b8096ef5af,medicine.dating,available,20.99,64.99,high,low,8,namesilo,,,08/10/2026 08:17
353dab4f-55d2-44e3-8705-f85e583e3ac0,care.cyou,premium,390,780,high,medium,4,namecheap,,,25/09/2026 13:42
0e2a4ca3-2938-4aab-836c-342290f18d4d,medicine.army,available,30.2,30.2,high,low,8,cloudflare,,,08/10/2026 08:17
deba633a-dc37-4e3c-8bce-89e856c53fba,hospital.equipment,resell,,,high,low,8,Dynadot Inc,28/04/2020 01:20,28/04/2027 01:20,07/10/2026 16:31
2ab78175-a735-490f-9a4a-fe2be6da1e15,hospital.mba,available,17.99,39.99,high,low,8,namesilo,,,07/10/2026 16:31
7536f739-8837-4231-8c0a-ce6d4b2d653e,medical.kaufen,available,23.94,23.94,high,low,7,spaceship,,,07/10/2026 21:30
e6bea772-10e3-40cd-95cd-581f4e00e4db,hospital.bargains,premium,36.32,72.57,high,low,8,porkbun,,,07/10/2026 16:31
10b4d2e7-c45f-4333-ab5e-9d0188d9a101,medicine.attorney,premium,2587.7,2587.7,high,low,8,spaceship,,,08/10/2026 08:17
a268372b-43db-4235-8521-7192a4e50674,healthcare.top,resell,,,high,low,10,West263 International Limited,27/01/2017 18:00,27/01/2033 18:00,09/10/2026 03:00
83187d69-26e9-40e4-b67d-5501c950601c,hospital.contractors,premium,78.54,78.54,high,low,8,namesilo,,,07/10/2026 16:31
de547eb0-6d7a-4a98-93dc-1866ebe13139,care.food,premium,640,640,high,medium,4,namesilo,,,25/09/2026 13:42
15116759-63ac-468d-b950-21244bd3d74d,care.archi,available,19.99,103.99,high,medium,4,namesilo,,,25/09/2026 13:42
4218b3e7-3d5e-4e86-972f-d67a54314172,medical.website,premium,517.7,1035.2,high,low,7,spaceship,,,07/10/2026 21:30
ce322869-fef7-44af-b667-c63848383711,medicine.download,premium,517.7,67.48,high,low,8,spaceship,,,08/10/2026 08:17
b089660c-f4d9-4937-86c6-455309143e38,care.news,premium,242,242,high,medium,4,namesilo,,,25/09/2026 13:42
6526e35c-1650-4510-9d9e-5d26b85fcf07,medical.cooking,available,26.08,26.08,high,low,7,spaceship,,,07/10/2026 21:30
a93e805b-99f1-410f-aead-77fac7388ccf,hospital.house,available,18.5,44.49,high,low,8,unstoppable,,,07/10/2026 16:31
56ba7f13-ca19-4b50-8c07-323ec0ee6441,healthcare.international,premium,,,high,low,10,"Global Domains International, Inc. DBA DomainCostClub.com",27/12/2020 23:51,27/12/2026 23:51,09/10/2026 03:00
7ca55e30-7cf3-415b-9bd5-b9d16cf85576,clinic.dog,premium,414.2,414.2,high,low,6,spaceship,,,29/09/2026 10:07
e598db98-d7c6-4479-ad36-5de45f6a5fad,healthcare.futbol,available,5.38,13.66,high,low,10,spaceship,,,09/10/2026 03:00
67c86c02-b69a-4693-93a7-8ce89f65c9a9,medicine.cab,available,32.99,32.99,high,low,8,namesilo,,,08/10/2026 08:17
b88670ad-5ce4-478f-ae07-bdb532b9d33d,care.live,resell,,,high,medium,4,Porkbun LLC,13/01/2024 21:03,13/01/2027 21:03,26/09/2026 04:46
125fb2f1-b576-4065-9967-71a2e2d8b808,hospital.town,premium,68.51,68.51,high,low,8,spaceship,,,07/10/2026 16:31
c1daf604-b0ea-4d86-81fa-421e903af942,medicine.rip,available,23.49,23.49,high,low,8,namesilo,,,08/10/2026 08:17
6ecbe1af-6421-427b-bcc2-30d1d9dce664,healthcare.eco,premium,7762.7,59.71,high,low,10,spaceship,,,09/10/2026 03:00
e3d75987-c3e9-4d7b-be76-b9913bc50ab6,hospital.clothing,premium,68.51,68.51,high,low,8,spaceship,,,07/10/2026 16:31
554d174c-d144-4e50-8917-af28ea23bba7,treatment.store,premium,129.58,517.7,high,low,9,spaceship,,,02/10/2026 12:28
2bbded9d-e8ee-4530-a78e-ad35396784ec,hospital.tools,premium,99.5,108.9,high,low,8,unstoppable,,,07/10/2026 16:31
2c36a269-5de4-4684-a370-d66ccff56f66,treatment.review,premium,517.7,67.48,high,low,9,spaceship,,,02/10/2026 12:28
a98795dc-6d37-4c6b-833d-b7e31133447e,hospital.click,resell,,,high,low,8,"Dynadot, LLC",25/11/2014 16:18,25/11/2026 16:18,07/10/2026 16:31
fe26be46-e784-4a2e-8070-9fafc4b22591,healthcare.onl,premium,55,110,high,low,10,dynadot,,,09/10/2026 03:00
23e15e56-3974-4d84-b65c-a676246b3796,hospital.stream,premium,517.7,67.48,high,low,8,spaceship,,,07/10/2026 16:31
1dc83208-4002-4f9b-8ba4-f3404ab482cf,care.living,premium,640,640,high,medium,4,namesilo,,,25/09/2026 13:42
3447d4d6-be78-41b2-bda1-a2a396f549b6,care.ventures,resell,,,high,medium,4,Dynadot Inc,02/07/2022 13:15,02/07/2027 13:15,26/09/2026 04:46
8b7657dc-7d11-4419-af76-a5d752df946c,medical.ltda,premium,56.64,33.04,high,low,7,namesilo,,,07/10/2026 21:30
b9d2b15c-226e-4b4a-a656-7fc99359d0bf,care.vegas,premium,242,119.94,high,medium,4,namesilo,,,25/09/2026 13:42
0b20ec83-0206-4957-932a-aa081c1c2caf,medical.nl,resell,,,high,low,7,TXH Media,19/01/2006 01:57,,07/10/2026 21:30
27d663a7-18a6-40dc-bdbb-6b849b83aef3,care.car,available,1999.99,2199,high,medium,4,namesilo,,,25/09/2026 13:42
69e984a7-b930-4e67-8e61-21a732f37379,hospital.travel,available,115.2,115.2,high,low,8,cloudflare,,,07/10/2026 16:31
8ed8ceea-8174-42c9-8d52-d7327abb99eb,medical.deal,premium,103.7,103.7,high,low,7,spaceship,,,07/10/2026 21:30
910897bd-b5f4-4548-b92c-309ed1bf75c4,medicine.farm,resell,,,high,low,8,"Spaceship, Inc.",27/07/2026 20:21,27/07/2027 20:21,08/10/2026 08:17
ad060028-7fd6-4d76-a17e-333eee0a6138,medicine.tienda,available,59.99,59.99,high,low,8,namesilo,,,08/10/2026 08:17
82acefe0-0437-4595-a0bb-55c790126310,medicine.nyc,premium,6900,29.5,high,low,8,namesilo,,,08/10/2026 08:17
7cd4162a-b948-4d3f-8883-29d216c3275e,healthcare.investments,premium,102.67,102.67,high,low,10,spaceship,,,09/10/2026 03:00
7d833faa-44dd-43c7-9eff-38817c31a479,medical.land,available,15.99,41.99,high,low,7,namesilo,,,07/10/2026 21:30
39b7c432-360f-4f0b-b9c1-56b6fc1734f4,healthcare.boston,premium,828.2,258.95,high,low,10,spaceship,,,09/10/2026 03:00
f3bbcdff-fa84-423d-936c-b6f615bc3f1d,medical.nyc,premium,5175.2,26.08,high,low,7,spaceship,,,07/10/2026 21:30
3d404a25-f4d4-4f6b-8354-f6eacb0c48ab,hospital.schule,available,22.97,22.97,high,low,8,spaceship,,,07/10/2026 16:31
5a77c7eb-a72e-4c79-a723-075df271b81f,healthcare.accountant,premium,517.7,67.48,high,low,10,spaceship,,,09/10/2026 03:00
ac5fd851-b103-4fe2-aae6-96aa6d1cfbdf,medicine.academy,resell,,,high,low,8,"Global Domains International, Inc. DBA DomainCostClub.com",28/03/2026 15:15,28/03/2027 15:15,08/10/2026 08:17
22af0282-1cc6-4669-9c54-2e13f1aaf1a1,care.voyage,available,61.98,73.98,high,medium,4,namecheap,,,25/09/2026 13:42
f274a6cb-303e-44bb-acb1-5c9f0eb9ad0f,hospital.rentals,premium,242,242,high,low,8,namesilo,,,07/10/2026 16:31
28dd65af-ce30-4d0e-9078-a68f6f101b18,care.maison,available,57.99,57.99,high,medium,4,namesilo,,,25/09/2026 13:42
e44bbdaf-10fc-4cc8-97fd-d040d336a0cd,hospital.info,resell,,,high,low,8,"Spaceship, Inc.",13/07/2002 19:25,13/07/2027 19:25,07/10/2026 16:31
4086bd8b-c586-477e-8da6-dfe3e7afbfdd,hospital.london,premium,1094.61,27.57,high,low,8,spaceship,,,07/10/2026 16:31
fa2feb98-c162-4b23-b873-ebda1466f79d,medicine.fan,resell,,,high,low,8,"Sav.com, LLC - 43",22/12/2025 15:15,22/12/2026 15:15,08/10/2026 08:17
2e835958-68dd-4c41-acf9-67153b169f91,medical.builders,premium,118.8,118.8,high,low,7,namesilo,,,07/10/2026 21:30
0ad0f455-62bb-4be7-9744-b57415169ac8,healthcare.broker,premium,5175.2,5175.2,high,low,10,spaceship,,,09/10/2026 03:00
e8af408c-a080-4888-8eef-30a214ad9f73,healthcare.apartments,available,45.74,45.74,high,low,10,spaceship,,,09/10/2026 03:00
ad8ab630-31f9-4fef-9463-a5ceace98c4c,care.art,premium,3450,83.3,high,medium,4,namesilo,,,25/09/2026 13:42
d05ecb99-22dc-43b1-9ade-392bc1448dc1,treatment.creditcard,available,129.2,129.2,high,low,9,spaceship,,,02/10/2026 12:28
2c178698-5182-4a67-8ceb-56ec8605a163,medicine.locker,premium,1100,32.32,high,low,8,dynadot,,,08/10/2026 08:17
55788a72-93f0-4eaa-a263-888560a1779e,hospital.show,available,14.17,35.39,high,low,8,spaceship,,,07/10/2026 16:31
e0bd3674-a529-4035-8195-1427fd2e0378,healthcare.ski,premium,102.67,102.67,high,low,10,spaceship,,,09/10/2026 03:00
1cbd7f43-fab2-483c-8238-256b3dc498e6,hospital.poker,available,5.98,85.98,high,low,8,namecheap,,,07/10/2026 16:31
706485c8-96a4-41e9-8472-c91718ba3028,medical.sexy,available,2749.99,2749.99,high,low,7,namesilo,,,07/10/2026 21:30
d666a84c-f999-439d-b543-f72930ce6b96,medicine.equipment,premium,72.6,72.6,high,low,8,dynadot,,,08/10/2026 08:17
d68c07ad-1c60-4fd8-a7e1-b2be6b65b988,healthcare.melbourne,available,58,58,high,low,10,namesilo,,,09/10/2026 03:00
7edea0a6-d0f7-4e69-9c01-bb6d80f8d99d,medical.guitars,available,93.35,103.4,high,low,7,spaceship,,,07/10/2026 21:30
e445a865-da74-4228-8acc-80df8e487dee,treatment.pink,available,14.49,25.99,high,low,9,namesilo,,,02/10/2026 12:28
cfa47c02-41c6-4d03-abb1-44b6fe6fa0af,medicine.uno,premium,2587.7,2587.7,high,low,8,spaceship,,,08/10/2026 08:17
4f9a650e-9c17-446e-8b53-c86f47678dd2,hospital.dealer,premium,4278,2660,high,low,8,namesilo,,,07/10/2026 16:31
310a5326-0203-4a0e-867a-10e0834b582d,healthcare.loan,premium,1107,116,high,low,10,namesilo,,,09/10/2026 03:00
5b1e7aaa-e595-4390-b353-68e91dde5e4f,treatment.rent,available,17.99,59.99,high,low,9,namesilo,,,02/10/2026 12:28
ec49e064-05c7-4131-b77b-a4bab4e3a374,healthcare.dental,premium,207.2,207.2,high,low,10,spaceship,,,09/10/2026 03:00
b32622aa-6cbb-4072-99eb-365ab1fa852d,medical.holiday,premium,128.7,128.7,high,low,7,namecheap,,,07/10/2026 21:30
80de2c1a-69c4-4717-ae6f-ea2a6fdc903c,medicine.exposed,available,22.49,22.49,high,low,8,namesilo,,,08/10/2026 08:17
c983ff25-f858-4cd4-b9ed-93dbfb0f982d,treatment.inc,premium,2061.5,2660,high,low,9,namesilo,,,02/10/2026 12:28
b8fdb93e-96f2-45e1-9e73-32d82049726f,care.supplies,premium,242,242,high,medium,4,namesilo,,,25/09/2026 13:42
5fb8fa21-bc86-43d9-9b30-5a8c82223ee4,healthcare.xyz,resell,,,high,low,10,"GoDaddy.com, LLC",29/09/2021 14:58,29/09/2027 23:59,09/10/2026 03:00
f98345db-3083-459d-82fb-1bc7152b86e9,treatment.living,available,5.49,39.99,high,low,9,namesilo,,,02/10/2026 12:28
78744b36-1829-4487-9518-ece1af3f5f66,treatment.lifestyle,available,5.49,39.99,high,low,9,namesilo,,,02/10/2026 12:28
0ebb291a-41d0-4d2d-ae8d-e3329e669983,doctor.hospital,resell,,,high,low,6,Dot Holding Inc.,10/06/2019 21:27,10/06/2030 21:27,29/09/2026 05:29
4d193b0e-c3cc-4970-900a-401d829409d4,medicine.stream,premium,5175.2,103.7,high,low,8,spaceship,,,08/10/2026 08:17
c68f8171-cb34-488a-b1f0-665c15308b39,medicine.singles,available,26.2,26.2,high,low,8,cloudflare,,,08/10/2026 08:17
714eba35-8623-467c-b1e3-bb51a7e6834c,hospital.enterprises,available,11.49,35.99,high,low,8,namesilo,,,07/10/2026 16:31
6889ac9b-14ae-486a-a257-192298bea63a,healthcare.cloud,premium,2070.2,10350.2,high,low,10,spaceship,,,09/10/2026 03:00
770c35d9-6a17-4650-ae32-a1afbaee2d7b,care.degree,available,52.99,52.99,high,medium,4,namesilo,,,25/09/2026 13:42
1cd4cd15-793b-49e3-9d73-091f86962cd4,medicine.ski,available,27.99,64.99,high,low,8,namesilo,,,08/10/2026 08:17
b4a94df6-1b10-4713-bc60-649ee413d3f4,hospital.pizza,available,10.92,60.14,high,low,8,dynadot,,,07/10/2026 16:31
bc6781f9-813e-4782-a3b7-68d0b23b6864,healthcare.democrat,premium,242,242,high,low,10,namesilo,,,09/10/2026 03:00
ad25f084-3d62-42a9-88d7-55f34691e246,treatment.reviews,available,48.2,48.2,high,low,9,cloudflare,,,02/10/2026 12:28
73408488-47de-488e-98ba-da9a2e37cc8b,medicine.golf,available,7.49,64.99,high,low,8,namesilo,,,08/10/2026 08:17
724f8406-f3c8-4c2e-8f2a-a01201b42e2e,medical.market,premium,,,high,low,7,,,,07/10/2026 21:30
c899c65b-7d1c-4ba5-ab50-a5ae57aca3cc,medical.io,resell,,,high,low,7,"GoDaddy.com, LLC",25/01/2015 00:30,25/01/2027 00:30,07/10/2026 21:30
2143d247-a7b6-42d6-9794-ee053921f72d,hospital.viajes,available,35.18,35.18,high,low,8,spaceship,,,07/10/2026 16:31
79cd2663-d293-4b8e-ab57-ac7ae1d27a73,healthcare.viajes,available,35.18,35.18,high,low,10,spaceship,,,09/10/2026 03:00
d8f620ee-5a1d-4cce-bc97-64c6492645ef,medical.menu,available,27.99,27.99,high,low,7,namesilo,,,07/10/2026 21:30
27eac48c-1210-421b-aaea-1c3e57ec5a0c,healthcare.srl,premium,54.28,30.68,high,low,10,namesilo,,,09/10/2026 03:00
48bbbfa3-8734-49d0-b539-00f10c35fb04,treatment.engineer,available,31.25,31.25,high,low,9,spaceship,,,02/10/2026 12:28
968df423-aa6f-46e2-a650-0e3ae3fea300,hospital.sexy,available,2749.99,2749.99,high,low,8,namesilo,,,07/10/2026 16:31
bc956418-48b4-441b-8747-13d83dba70f9,healthcare.game,available,279.65,341.75,high,low,10,spaceship,,,09/10/2026 03:00
ec540d8b-d458-4d0a-9440-8537ab4a9c76,care.camp,resell,,,high,medium,4,"Sav.com, LLC - 48",17/08/2026 15:16,17/08/2027 15:16,26/09/2026 04:46
8f50e0cb-e1b2-48d7-a935-274407c788e8,medical.team,resell,,,high,low,7,Dynadot Inc,29/07/2015 16:00,29/07/2028 16:00,07/10/2026 21:30
4281fbd3-a46a-4f82-8054-7b26cdf1df5d,treatment.lighting,available,8.24,19.05,high,low,9,porkbun,,,02/10/2026 12:28
0c694b62-d929-4a9a-8284-a48d3ad23cdc,hospital.buzz,premium,116,53.92,high,low,8,namesilo,,,07/10/2026 16:31
557ef34a-b35c-4b13-a022-0514d8154293,healthcare.catering,premium,118.8,118.8,high,low,10,namesilo,,,09/10/2026 03:00
d00ba3bf-9fbf-43c1-987d-6abe9a842506,healthcare.contact,resell,,,high,low,10,Porkbun LLC,25/02/2022 13:15,25/02/2027 13:15,09/10/2026 03:00
7434089b-8b4b-46bd-8fe3-b83837203b43,treatment.car,available,1863.2,2064.2,high,low,9,spaceship,,,02/10/2026 12:28
856e3b37-79ad-483c-aead-d066d649b5db,treatment.rocks,available,11.99,21.99,high,low,9,namesilo,,,02/10/2026 12:28
a42ae508-a4dd-403d-99be-906cac0f4e1b,medical.boo,premium,499.2,516.67,high,low,7,unstoppable,,,07/10/2026 21:30
32964bd2-f094-4488-9531-91077e73fbd9,hospital.capital,premium,102.67,102.67,high,low,8,spaceship,,,07/10/2026 16:31
6790f497-7580-418a-8273-456ec0dd25fd,medicine.space,premium,1375,5500,high,low,8,dynadot,,,08/10/2026 08:17
eea32d3e-0171-4484-89ef-cd55410542ac,treatment.prof,premium,159.2,206.7,high,low,9,unstoppable,,,02/10/2026 12:28
9e79b4c0-bc8d-451d-a844-92900598ce8c,medicine.bar,resell,,,high,low,8,"Dynadot, LLC",21/09/2026 20:59,21/09/2027 20:59,08/10/2026 08:17
5792e5d5-615e-4ec8-9863-deaa04fcce5d,treatment.page,premium,165.12,165.12,high,low,9,namesilo,,,02/10/2026 12:28
bfd56c93-1665-4441-a8fe-3864996441f1,healthcare.online,premium,34500,34500,high,low,10,namesilo,,,09/10/2026 03:00
db2cb444-5f62-410b-b23e-6bf0b17729cf,clinic.mom,premium,832,832,high,low,6,namesilo,,,29/09/2026 10:07
2c1249c2-2810-47ea-8586-0255abf1cd5e,medicine.review,premium,2750,110,high,low,8,dynadot,,,08/10/2026 08:17
598f5348-b51d-4b5d-b2c3-51faf03769eb,medicine.soccer,available,25.99,25.99,high,low,8,namesilo,,,08/10/2026 08:17
d1ec74ab-e6dd-4ec5-8a0d-6662e30de357,medicine.voto,available,10.92,58,high,low,8,dynadot,,,08/10/2026 08:17
618cd582-c0f9-4a5f-9daf-a773c9504060,care.how,premium,768.3,768.3,high,medium,4,namecheap,,,25/09/2026 13:42
30178843-2be1-40d4-8df0-c7d93a9b630a,medicine.rest,premium,1152,1152,high,low,8,namesilo,,,08/10/2026 08:17
7fe2be52-6fcf-40ce-a675-230d8fcf6599,medicine.immo,available,28.15,28.15,high,low,8,spaceship,,,08/10/2026 08:17
96022bef-41d2-4a14-8914-7790548315a7,healthcare.exposed,premium,414.2,414.2,high,low,10,spaceship,,,09/10/2026 03:00
ae112508-8d82-4612-a347-d718953a59d2,hospital.free,premium,517.7,517.7,high,low,8,spaceship,,,07/10/2026 16:31
d21fcf3f-dce9-4370-922f-ef5514e6bb4a,medicine.rentals,available,6.41,35.39,high,low,8,spaceship,,,08/10/2026 08:17
d1274d49-4902-4eaa-9d64-037b56cffb87,treatment.hospital,available,45.74,45.74,high,low,9,spaceship,,,02/10/2026 12:28
65fb8d6c-8f6a-46b0-ba8c-b11c4fb17529,medical.kiwi,premium,46.38,46.38,high,low,7,dynadot,,,07/10/2026 21:30
3d3bda53-50fd-4564-9282-5f88a28ec51a,healthcare.date,premium,330,55,high,low,10,dynadot,,,09/10/2026 03:00
fd6e861a-0147-41b4-a047-263ef580cdfa,healthcare.zone,premium,800.5,873.85,high,low,10,unstoppable,,,09/10/2026 03:00
ee4b52cf-f373-4255-a716-04280315921b,care.graphics,available,23.99,23.99,high,medium,4,namesilo,,,25/09/2026 13:42
c8b3417f-00e7-4a56-b835-ff9592c4b7f9,treatment.gratis,available,18.83,18.83,high,low,9,spaceship,,,02/10/2026 12:28
77e70542-7043-48d2-ba98-bb8a500cc9b1,healthcare.sbs,premium,63.25,126.5,high,low,10,dynadot,,,09/10/2026 03:00
2a4064de-9387-4812-9f98-2ef93379011d,hospital.boston,premium,854,302.5,high,low,8,namesilo,,,07/10/2026 16:31
e9bcd3b0-02d5-400b-ac10-b07a7b00c173,medical.sucks,available,218.99,218.99,high,low,7,namesilo,,,07/10/2026 21:30
0edcc18f-b779-4399-b66b-f742ed9fec02,hospital.theater,available,51.95,51.95,high,low,8,spaceship,,,07/10/2026 16:31
162d0f2e-45fd-459c-a84a-cd10789cf98e,medicine.taxi,available,10.5,69.98,high,low,8,unstoppable,,,08/10/2026 08:17
1c61c7c9-d6e8-4806-a7da-429cdcd306b7,healthcare.hamburg,available,69.98,73.98,high,low,10,namecheap,,,09/10/2026 03:00
9f267099-da5b-48e8-932a-d6b2aeca725f,medicine.ag,available,89.99,79.99,high,low,8,namesilo,,,08/10/2026 08:17
8331735e-479e-46ce-ad66-89a0c4230ba3,healthcare.dance,available,10.48,42.48,high,low,10,namecheap,,,09/10/2026 03:00
811deec4-e1d6-42e6-bee2-9ee1e89b1824,care.theater,available,65.99,65.99,high,medium,4,namesilo,,,25/09/2026 13:42
80cb3067-e739-41b4-ade8-5158e5616834,clinic.expert,premium,854,854,high,low,6,namesilo,,,29/09/2026 10:07
28d18e30-3a88-4504-9460-42e84be30511,medicine.giving,premium,68.51,68.51,high,low,8,spaceship,,,08/10/2026 08:17
461687cc-245d-4a90-b723-7a5671de04f0,healthcare.sh,resell,39.99,47.99,high,low,10,"Spaceship, Inc.",13/06/2026 16:40,13/06/2027 16:40,09/10/2026 03:00
f1d2b7c0-d3c4-4f85-aa64-7cd320de96f2,doctor.lifestyle,premium,2660,2660,high,low,6,namesilo,,,29/09/2026 05:29
debea704-004f-44a0-98eb-4203382baa25,medical.christmas,available,34.99,34.99,high,low,7,namesilo,,,07/10/2026 21:30
7fecdb89-f16f-47a2-97dc-b6d590038162,medicine.lgbt,available,14.99,79.99,high,low,8,namesilo,,,08/10/2026 08:17
37c048d3-5369-4995-87b1-9f678eccea7c,care.wiki,premium,116,116,high,medium,4,namesilo,,,25/09/2026 13:42
7b754c9e-9462-49d7-955c-9b6fdaeb88c4,care.motorcycles,premium,2660,2660,high,medium,4,namesilo,,,25/09/2026 13:42
64e47ccb-df52-4796-a122-3394c46db850,healthcare.ltd,resell,,,high,low,10,"Chengdu West Dimension Digital Technology Co., Ltd.",14/08/2019 03:12,14/08/2030 03:12,09/10/2026 03:00
56f90673-9cdb-42f1-b53e-fab0c2d250ad,medical.industries,premium,512,512,high,low,7,namesilo,,,07/10/2026 21:30
34896b18-43ea-4880-b32f-c311d41200c3,care.deal,premium,640,640,high,medium,4,namesilo,,,25/09/2026 13:42
3e25d8aa-e14f-47f2-8690-b974b785d707,medicine.condos,available,53.72,53.72,high,low,8,dynadot,,,08/10/2026 08:17
e8b63e62-575e-47d7-87ff-e563d9104715,treatment.boats,premium,2660,2660,high,low,9,namesilo,,,02/10/2026 12:28
323ef5d6-3830-43ed-be0e-7d6b76debdb9,medicine.fans,premium,51.95,103.7,high,low,8,spaceship,,,08/10/2026 08:17
3a438068-dcd3-4868-9226-95456f33c5b3,hospital.training,premium,242,242,high,low,8,namesilo,,,07/10/2026 16:31
1569dbe8-094c-4a7b-bec6-3b2736ea391c,medical.cfd,premium,155.45,310.7,high,low,7,spaceship,,,07/10/2026 21:30
98f07fc2-7b44-483e-8637-591d14e33387,healthcare.recipes,premium,414.2,414.2,high,low,10,spaceship,,,09/10/2026 03:00
68d4f8cd-ad29-4c48-bde2-cc46628a20e6,medical.gratis,premium,242,242,high,low,7,namesilo,,,07/10/2026 21:30
b662b9cc-dd3e-4dc1-8d04-a14879e5b738,medical.desi,available,19.98,22.98,high,low,7,namecheap,,,01/10/2026 15:27
885d2615-daf5-4a1a-b32a-aaedca31c065,treatment.online,premium,812.5,3250,high,low,9,namecheap,,,02/10/2026 12:28
b047f696-ab8e-4293-acd5-f34302db660c,treatment.shiksha,available,14.99,51.99,high,low,9,namesilo,,,02/10/2026 12:28
81d2257a-3d1e-4e46-8355-4335fa5bc8a7,healthcare.reise,premium,207.2,207.2,high,low,10,spaceship,,,09/10/2026 03:00
18fc04b5-e46c-4074-8248-6468e3bc3eb7,medical.esq,premium,671.92,671.92,high,low,7,spaceship,,,07/10/2026 21:30
3ed04b44-23a7-4587-891f-1dc2d45c0ddb,medical.ninja,premium,242,242,high,low,7,namesilo,,,07/10/2026 21:30
1089f3de-4d21-4c1d-98f1-df9ab2632809,care.futbol,available,7.49,17.99,high,medium,4,namesilo,,,25/09/2026 13:42
425bfccb-61ea-4c06-8298-a19d2242169d,care.flowers,premium,2660,2660,high,medium,4,namesilo,,,25/09/2026 13:42
f1ff5230-b067-4749-bec1-158fbee54f71,treatment.pet,available,10.81,21.11,high,low,9,porkbun,,,02/10/2026 12:28
bcec103c-929f-4a3a-b41e-97d8985fccc3,medical.fyi,resell,,,high,low,7,Dynadot Inc,05/10/2023 01:18,05/10/2028 01:18,07/10/2026 21:30
0cf5c344-b537-46e5-824d-8bf0d908a307,medicine.social,resell,,,high,low,8,"Spaceship, Inc.",24/02/2025 15:15,24/02/2027 15:15,08/10/2026 08:17
76d1872f-7e2d-4598-a090-586eeae34af2,medical.auto,available,1999.99,2199,high,low,7,namesilo,,,07/10/2026 21:30
c3fcf0aa-863d-4154-b991-88f210116865,treatment.yachts,premium,2183.84,2183.84,high,low,9,porkbun,,,02/10/2026 12:28
68dc3f7b-b2a7-4b56-9c8d-3be22bcd0418,hospital.design,premium,325,325,high,low,8,namecheap,,,07/10/2026 16:31
e1873785-efc6-4638-b958-8c525adfe9c5,treatment.fund,available,14.99,71.99,high,low,9,namesilo,,,02/10/2026 12:28
4fce0fd2-cdb7-4692-bf6a-a74225dba4b7,medical.jewelry,premium,260,260,high,low,7,namecheap,,,07/10/2026 21:30
d6d58ce4-0961-43c7-96cf-402403c18ddd,hospital.supply,premium,68.51,68.51,high,low,8,spaceship,,,07/10/2026 16:31
9c738cce-48e0-4a6d-a25e-43109c47b107,medical.site,premium,5000.2,5175.2,high,low,7,unstoppable,,,07/10/2026 21:30
aad8b876-813d-4b9d-b872-e7313a6e4fe2,medicine.partners,available,20.99,71.99,high,low,8,namesilo,,,08/10/2026 08:17
5484c175-45a4-4ca7-b827-cddd7ab1b3f4,hospital.university,premium,102.67,102.67,high,low,8,spaceship,,,07/10/2026 16:31
ed7695e2-d21f-4280-bd88-30fecb7ca5e5,healthcare.farm,resell,49.98,,high,low,10,"Sav.com, LLC",31/12/2025 12:40,31/12/2026 12:40,09/10/2026 03:00
02076cf9-b2ce-465d-bd53-97b95558b11d,hospital.gratis,available,23.99,23.99,high,low,8,namesilo,,,07/10/2026 16:31
acdb8633-07f6-4ede-b88e-3c9a400c8946,treatment.cricket,available,23.59,23.59,high,low,9,namesilo,,,02/10/2026 12:28
915a72cf-2823-4dde-96a5-0dbaba3c597d,hospital.systems,resell,,,high,low,8,"Key-Systems, LLC",19/03/2014 20:01,19/03/2027 20:01,07/10/2026 16:31
98a111e8-1493-4c44-878d-6b155496eaf7,treatment.legal,available,71.99,71.99,high,low,9,namesilo,,,02/10/2026 12:28
803d0236-0100-431a-bf3c-c15db457b49b,medicine.games,available,11.98,47.98,high,low,8,namecheap,,,08/10/2026 08:17
c686ef41-0a31-4e95-9710-744344249dba,healthcare.page,premium,638.72,638.72,high,low,10,namesilo,,,09/10/2026 03:00
cd466743-ad6d-402c-9fe3-6b67b7d0c856,medicine.cooking,available,26.97,26.97,high,low,8,dynadot,,,08/10/2026 08:17
8bed03b5-6459-4411-8a68-89a3b32e0948,care.exposed,available,22.49,22.49,high,medium,4,namesilo,,,25/09/2026 13:42
b469af43-ba0b-44d7-bd0e-f77fb72838fe,medicine.pink,premium,1107,1107,high,low,8,namesilo,,,08/10/2026 08:17
60ae281b-14e0-475a-a293-f55a010c5ae5,medicine.services,resell,,,high,low,8,"Sav.com, LLC - 20",07/03/2023 15:15,07/03/2027 15:15,08/10/2026 08:17
6a7bfd55-3d5e-4e03-9778-bb1232675da8,care.limited,premium,78.54,78.54,high,medium,4,namesilo,,,25/09/2026 13:42
35f0edea-63e6-43e8-a7dd-219079a817ea,care.movie,available,47.99,349.99,high,medium,4,namesilo,,,25/09/2026 13:42
8125eeb1-508d-44d0-b43f-77785dca019c,hospital.fund,premium,207.2,207.2,high,low,8,spaceship,,,07/10/2026 16:31
8450c8b4-1aa8-4c14-b6e7-08c18c9a00fc,healthcare.gallery,premium,78.54,78.54,high,low,10,namesilo,,,09/10/2026 03:00
87d13080-936d-40eb-a8ab-9b3ce584c6ed,hospital.sbs,premium,59.71,119.23,high,low,8,spaceship,,,07/10/2026 16:31
d8623aab-48f2-440a-a3e2-022d191ce7cc,healthcare.vana,available,2298,2498,high,low,10,namecheap,,,09/10/2026 03:00
c4018f3d-ccf8-4ca9-84d9-0c0b72ce0d9f,clinic.legal,premium,102.67,102.67,high,low,6,spaceship,,,29/09/2026 10:07
afe9b4f6-c3dc-436e-8db0-a777309a7ad1,care.nexus,premium,648.7,648.7,high,medium,4,namecheap,,,25/09/2026 13:42
751ab7c0-0561-4187-a592-a458fa9d0c42,treatment.cash,available,9.78,31.41,high,low,9,porkbun,,,02/10/2026 12:28
fbfa878f-ea07-4470-9dc6-2ebce09462f1,medicine.courses,premium,5175.2,5175.2,high,low,8,spaceship,,,08/10/2026 08:17
4045b68d-c273-4d9d-a180-8b6a09551aa5,care.zip,premium,648.7,648.7,high,medium,4,namecheap,,,25/09/2026 13:42
42fa59ca-92fd-4fd7-9521-7edb94a4e69c,care.ski,premium,118.8,118.8,high,medium,4,namesilo,,,25/09/2026 13:42
9882f1c0-6c03-423f-ad09-f3362752b416,clinic.dealer,premium,4278,2660,high,low,6,namesilo,,,29/09/2026 10:07
c5e92270-22b7-4d14-bff4-bb58a72e4f93,medical.pizza,available,5.38,51.95,high,low,7,spaceship,,,07/10/2026 21:30
24e449cf-6004-4109-96a6-aece8bdd3568,treatment.bio,premium,500.5,517.7,high,low,9,unstoppable,,,02/10/2026 12:28
136676db-602f-4940-8825-7fd953e194b8,hospital.sex,available,51.95,98.53,high,low,8,spaceship,,,07/10/2026 16:31
0d5f8a38-c19f-4a01-b6c6-dabd1398deaa,medicine.co,resell,,,high,low,8,Hello Internet Corp.,24/02/2010 22:43,23/02/2027 23:59,08/10/2026 08:17
215fe502-2933-4b13-92ba-824832857707,hospital.ltd,available,8.99,42.99,high,low,8,namesilo,,,07/10/2026 16:31
d2454e83-c26d-4078-bf36-7edf21c7570f,treatment.blog,premium,160,640,high,low,9,namesilo,,,02/10/2026 12:28
df6cddd1-1fd4-4701-b712-973cc68ba12c,medicine.date,premium,116,29.5,high,low,8,namesilo,,,08/10/2026 08:17
cce21f05-da42-4ae3-bc30-7092644ce36c,healthcare.shiksha,premium,2070.2,2070.2,high,low,10,spaceship,,,09/10/2026 03:00
7fe1ccfa-5e96-4521-bcde-f82d7ddf119b,hospital.attorney,premium,218.8,437.19,high,low,8,porkbun,,,07/10/2026 16:31
1cd7c21a-8aba-479a-836c-f4670d374d09,healthcare.moda,available,41.99,41.99,high,low,10,namesilo,,,09/10/2026 03:00
f72310e3-b7cd-4fb5-802d-b80780dea7d7,healthcare.community,premium,118.8,118.8,high,low,10,namesilo,,,09/10/2026 03:00
0a08d6cb-b900-45da-9820-3d553fd32dc2,medicine.forum,available,1.24,31.16,high,low,8,spaceship,,,08/10/2026 08:17
9b5270f0-76b8-4da0-80f4-048b4e6660d0,medicine.deal,premium,103.7,103.7,high,low,8,spaceship,,,08/10/2026 08:17
3d2f66a2-8c12-448e-a7c9-228d2038946f,medicine.furniture,available,26.5,94.99,high,low,8,unstoppable,,,08/10/2026 08:17
947ac260-bd08-4ec1-b605-265d75af272c,medicine.theatre,available,535.22,535.22,high,low,8,dynadot,,,08/10/2026 08:17
7d2d33f9-2559-49f4-bada-3c4ef011c49b,treatment.energy,available,15.99,114.99,high,low,9,namesilo,,,02/10/2026 12:28
93737a46-a710-456a-a2a2-55fe862e76f1,clinic.site,premium,687.5,2750,high,low,6,dynadot,,,29/09/2026 10:07
c3581d61-1108-4125-9de2-666c09dd1d42,hospital.xyz,premium,1035.2,1035.2,high,low,8,spaceship,,,07/10/2026 16:31
f49646c4-a465-4b45-8c13-fd1c60f00bda,doctor.contact,resell,,,high,low,6,Porkbun LLC,06/12/2020 16:00,06/12/2026 16:00,29/09/2026 05:29
29e9bffe-5f6f-4b0d-89fa-fecae3df397e,care.family,premium,512,512,high,medium,4,namesilo,,,25/09/2026 13:42
a9e42da0-b6e4-4fe2-b58a-bdeaf897b9af,clinic.diamonds,available,43.67,43.67,high,low,6,spaceship,,,29/09/2026 10:07
8f4a71f9-5007-4c4d-b6e1-25b060f92c28,hospital.estate,available,8.24,36.6,high,low,8,dynadot,,,07/10/2026 16:31
3819c787-2e76-476f-a6cd-ae07418105a6,hospital.accountants,available,117.99,117.99,high,low,8,namesilo,,,07/10/2026 16:31
f6f5a4a0-b34f-4832-bcb3-dfeaa8bf653d,care.security,available,2070,2950,high,medium,4,namecheap,,,25/09/2026 13:42
6c1ee5b8-f27e-4d1a-9651-dd7557e20dbe,medicine.fishing,premium,52,32.5,high,low,8,namecheap,,,08/10/2026 08:17
1bd79517-d9ba-4525-adec-46d41eb8b4af,medicine.sh,available,34.98,76.98,high,low,8,namecheap,,,08/10/2026 08:17
4ad23ff6-60d7-48bf-b5c0-1e802fd4404d,treatment.shop,premium,517.7,517.7,high,low,9,spaceship,,,02/10/2026 12:28
e5ca5d41-a3a2-4498-9cff-37c1f5f61e5b,care.channel,premium,648.7,648.7,high,medium,4,namecheap,,,25/09/2026 13:42
446f776c-4940-424f-b1f2-b292b5eb0307,healthcare.forex,available,13.5,80.2,high,low,10,unstoppable,,,09/10/2026 03:00
33db14e0-53e5-497c-935a-48dcd4521a78,hospital.haus,available,10.55,27.11,high,low,8,spaceship,,,07/10/2026 16:31
71e7d6a4-c6d1-45cd-9e4f-a9db18aa30b6,hospital.camera,available,46.78,46.78,high,low,8,spaceship,,,07/10/2026 16:31
be22fd72-dc2b-4065-8ac1-995d94942306,wellness.diet,available,100.2,100.2,high,medium,8,cloudflare,,,08/10/2026 11:06
f357c3c2-8c82-4ff8-821c-7c3d1b64dd04,healthcare.cv,premium,1108.25,9.75,high,low,10,dynadot,,,09/10/2026 03:00
63c1a99c-4e6f-4ff0-87c3-09544ff8063a,treatment.buzz,premium,39,39,high,low,9,namecheap,,,02/10/2026 12:28
e2737240-d669-4168-91be-219f14f19261,medicine.bayern,available,34.99,34.99,high,low,8,namesilo,,,08/10/2026 08:17
94eb56a7-4d5b-4e7e-b05c-616d6a292ea8,healthcare.fitness,premium,242,242,high,low,10,namesilo,,,09/10/2026 03:00
3a0fcc4e-85bc-4185-a1e9-8af048ddecf1,clinic.pizza,available,17,,high,low,6,unstoppable,,,29/09/2026 10:07
6f9ece49-d3c8-46aa-b986-0f7bda51fc20,treatment.bid,premium,546.35,71.48,high,low,9,porkbun,,,02/10/2026 12:28
01a67d3b-2b69-44e4-91d8-c8c1158effe0,healthcare.vet,premium,1100,1100,high,low,10,dynadot,,,09/10/2026 03:00
df601a3a-0554-4138-a8b9-bc0995df7216,medical.audio,available,93.35,103.4,high,low,7,spaceship,,,07/10/2026 21:30
9ca7b7de-7032-4e78-a761-f938f10f15fe,treatment.surgery,premium,68.51,68.51,high,low,9,spaceship,,,02/10/2026 12:28
3e4ecbc2-2315-41bb-9888-64a47547fc95,care.rodeo,premium,104,13,high,medium,4,namecheap,,,25/09/2026 13:42
55fb76ad-e238-4e7b-9c5e-4af54170ee2a,treatment.gripe,available,6.99,6.99,high,low,9,namesilo,,,02/10/2026 12:28
b942da9d-fef6-44f2-964a-376269e5ae01,hospital.hot,premium,550,550,high,low,8,dynadot,,,07/10/2026 16:31
f067d813-c969-4aa2-8902-e46512a4912c,medicine.healthcare,available,77.75,77.75,high,low,8,porkbun,,,08/10/2026 08:17
db0cb2b1-f842-4675-8314-ea4d9d73db89,wellness.properties,resell,,,high,medium,8,Dynadot Inc,26/07/2026 17:00,26/07/2027 17:00,08/10/2026 11:06
eac3fbed-30fc-4752-8a6d-e5adc1756fd0,wellness.theater,available,65.99,65.99,high,medium,8,namesilo,,,08/10/2026 11:06
aba80165-f90f-492e-a644-921c25b944b4,medicine.immobilien,available,30.22,30.22,high,low,8,spaceship,,,08/10/2026 08:17
45c64e25-94df-44cb-97f7-9edbe0c67b75,treatment.doctor,available,14.49,116.99,high,low,9,namesilo,,,02/10/2026 12:28
0dc9ec73-6199-4bd9-adb3-186a27a64642,care.creditcard,available,144.99,144.99,high,medium,4,namesilo,,,25/09/2026 13:42
9ef286ed-a71f-4f62-8997-1b69edf0b585,medicine.vin,available,6.41,47.81,high,low,8,spaceship,,,08/10/2026 08:17
d1df24f6-ecab-4911-9c41-e343ae7f208e,care.academy,resell,,,high,medium,4,"Sav.com, LLC - 10",27/12/2025 15:15,27/12/2026 15:15,26/09/2026 04:46
054498c7-f0c4-4249-9f72-e796b0628770,hospital.tours,available,48.2,48.2,high,low,8,cloudflare,,,07/10/2026 16:31
4c166545-9e9f-49b0-82bb-35d9395d2008,healthcare.ong,premium,1375,687.5,high,low,10,dynadot,,,09/10/2026 03:00
cb94dc60-1d64-4945-8612-715a44563aa2,wellness.flights,available,20.9,46.78,high,medium,8,spaceship,,,08/10/2026 11:06
4fcea37f-e7e1-4373-ae40-4ec884527991,healthcare.adult,available,51.95,98.53,high,low,10,spaceship,,,09/10/2026 03:00
e76bb1d8-b24c-48d7-9859-b1786e3037d4,hospital.vin,available,6.98,83.98,high,low,8,namecheap,,,07/10/2026 16:31
6f519bdf-26eb-4f48-945d-054d731da1db,clinic.ing,premium,672.95,672.95,high,low,6,spaceship,,,29/09/2026 10:07
815b8d64-f929-45ab-904a-4e59faa28e91,medical.press,premium,258.95,517.7,high,low,7,spaceship,,,07/10/2026 21:30
f813a99b-5618-4f86-a611-89378f5a50c7,medicine.store,premium,13800,13800,high,low,8,namesilo,,,08/10/2026 08:17
d1328756-f004-42b5-8644-424f58c3ce79,hospital.flowers,available,93.35,103.4,high,low,8,spaceship,,,07/10/2026 16:31
93af0a3d-533c-45fe-a7e3-8abf6c754db8,healthcare.christmas,available,30.2,30.2,high,low,10,cloudflare,,,09/10/2026 03:00
cd99e04b-5e08-46f3-87c4-4a28c93529d0,medicine.hot,premium,100.5,103.7,high,low,8,unstoppable,,,08/10/2026 08:17
d448ff8f-7a0d-42c0-a071-cd91199ab7b6,hospital.rich,available,79,160.72,high,low,8,dynadot,,,07/10/2026 16:31
10172fa6-f6c8-405c-8f84-3de378b35aba,wellness.singles,available,9.49,33.99,high,medium,8,namesilo,,,08/10/2026 11:06
13fb9396-4b5b-4c14-9157-f6b82b1f9f4e,care.mov,premium,648.7,648.7,high,medium,4,namecheap,,,25/09/2026 13:42
37de5fe9-4a66-4127-93fd-19312d37b97a,clinic.games,resell,,,high,low,6,"DNSPod, Inc.",20/06/2022 19:03,20/06/2027 19:03,29/09/2026 10:07